Date,RPM,Speed,nGear,Throttle,Brake,DRS,Source,Time,SessionTime,Distance
2024-07-06 15:08:49.524,11239.0,274.0,7,100.0,False,8,car,0 days 00:00:00.627000,0 days 01:21:36.515000,47.72166666666667
2024-07-06 15:08:49.725,11375.0,274.0,7,100.0,False,8,car,0 days 00:00:00.828000,0 days 01:21:36.716000,63.02
2024-07-06 15:08:49.965,11441.0,278.0,7,100.0,False,8,car,0 days 00:00:01.068000,0 days 01:21:36.956000,81.55333333333334
2024-07-06 15:08:50.205,11508.0,282.0,7,100.0,False,8,car,0 days 00:00:01.308000,0 days 01:21:37.196000,100.35333333333334
2024-07-06 15:08:50.405,11611.0,284.0,7,100.0,False,8,car,0 days 00:00:01.508000,0 days 01:21:37.396000,116.13111111111111
2024-07-06 15:08:50.725,11725.0,287.0,7,100.0,False,8,car,0 days 00:00:01.828000,0 days 01:21:37.716000,141.64222222222222
2024-07-06 15:08:50.925,11857.0,289.0,7,100.0,False,8,car,0 days 00:00:02.028000,0 days 01:21:37.916000,157.69777777777776
2024-07-06 15:08:51.125,11017.0,291.0,7,100.0,False,8,car,0 days 00:00:02.228000,0 days 01:21:38.116000,173.86444444444444
2024-07-06 15:08:51.285,10274.0,292.0,7,100.0,False,8,car,0 days 00:00:02.388000,0 days 01:21:38.276000,186.8422222222222
2024-07-06 15:08:51.485,10478.0,293.0,8,100.0,False,8,car,0 days 00:00:02.588000,0 days 01:21:38.476000,203.12
2024-07-06 15:08:51.765,10518.0,294.0,8,100.0,False,8,car,0 days 00:00:02.868000,0 days 01:21:38.756000,225.98666666666665
2024-07-06 15:08:51.925,10572.0,296.0,8,100.0,False,8,car,0 days 00:00:03.028000,0 days 01:21:38.916000,239.14222222222222
2024-07-06 15:08:52.125,10613.0,297.0,8,100.0,False,8,car,0 days 00:00:03.228000,0 days 01:21:39.116000,255.64222222222224
2024-07-06 15:08:52.325,10650.0,298.0,8,100.0,False,8,car,0 days 00:00:03.428000,0 days 01:21:39.316000,272.1977777777778
2024-07-06 15:08:52.725,10724.0,301.0,8,100.0,False,8,car,0 days 00:00:03.828000,0 days 01:21:39.716000,305.64222222222224
2024-07-06 15:08:52.885,10733.0,302.0,8,100.0,False,8,car,0 days 00:00:03.988000,0 days 01:21:39.876000,319.06444444444446
2024-07-06 15:08:53.245,10778.0,302.0,8,100.0,False,8,car,0 days 00:00:04.348000,0 days 01:21:40.236000,349.26444444444445
2024-07-06 15:08:53.445,10778.0,303.0,8,100.0,False,8,car,0 days 00:00:04.548000,0 days 01:21:40.436000,366.0977777777778
2024-07-06 15:08:53.645,10791.0,302.0,8,100.0,False,8,car,0 days 00:00:04.748000,0 days 01:21:40.636000,382.8755555555556
2024-07-06 15:08:53.925,10750.0,301.0,8,100.0,False,8,car,0 days 00:00:05.028000,0 days 01:21:40.916000,406.28666666666663
2024-07-06 15:08:54.125,10722.0,300.0,8,100.0,False,8,car,0 days 00:00:05.228000,0 days 01:21:41.116000,422.9533333333333
2024-07-06 15:08:54.405,10660.0,298.0,8,100.0,False,8,car,0 days 00:00:05.508000,0 days 01:21:41.396000,446.1311111111111
2024-07-06 15:08:54.605,10666.0,298.0,8,100.0,False,8,car,0 days 00:00:05.708000,0 days 01:21:41.596000,462.68666666666667
2024-07-06 15:08:54.925,10617.0,297.0,8,100.0,False,8,car,0 days 00:00:06.028000,0 days 01:21:41.916000,489.0866666666666
2024-07-06 15:08:55.205,10609.0,297.0,8,100.0,False,8,car,0 days 00:00:06.308000,0 days 01:21:42.196000,512.1866666666666
2024-07-06 15:08:55.525,10696.0,299.0,8,100.0,False,8,car,0 days 00:00:06.628000,0 days 01:21:42.516000,538.7644444444444
2024-07-06 15:08:55.804,10741.0,301.0,8,100.0,False,8,car,0 days 00:00:06.907000,0 days 01:21:42.795000,562.0919444444444
2024-07-06 15:08:56.084,10738.0,301.0,8,100.0,False,8,car,0 days 00:00:07.187000,0 days 01:21:43.075000,585.5030555555555
2024-07-06 15:08:56.285,10748.0,301.0,8,100.0,False,8,car,0 days 00:00:07.388000,0 days 01:21:43.276000,602.3088888888889
2024-07-06 15:08:56.445,10722.0,301.0,8,100.0,False,8,car,0 days 00:00:07.548000,0 days 01:21:43.436000,615.6866666666666
2024-07-06 15:08:56.645,10714.0,300.0,8,100.0,False,8,car,0 days 00:00:07.748000,0 days 01:21:43.636000,632.3533333333332
2024-07-06 15:08:56.965,10678.0,299.0,8,100.0,False,8,car,0 days 00:00:08.068000,0 days 01:21:43.956000,658.931111111111
2024-07-06 15:08:57.245,10662.0,298.0,8,100.0,False,8,car,0 days 00:00:08.348000,0 days 01:21:44.236000,682.1088888888889
2024-07-06 15:08:57.565,10673.0,299.0,8,100.0,False,8,car,0 days 00:00:08.668000,0 days 01:21:44.556000,708.6866666666666
2024-07-06 15:08:57.725,10570.0,298.0,8,100.0,False,8,car,0 days 00:00:08.828000,0 days 01:21:44.716000,721.931111111111
2024-07-06 15:08:58.005,10606.0,298.0,8,100.0,False,8,car,0 days 00:00:09.108000,0 days 01:21:44.996000,745.1088888888889
2024-07-06 15:08:58.285,10628.0,298.0,8,100.0,False,8,car,0 days 00:00:09.388000,0 days 01:21:45.276000,768.2866666666666
2024-07-06 15:08:58.445,9996.0,290.0,8,0.0,True,8,car,0 days 00:00:09.548000,0 days 01:21:45.436000,781.1755555555555
2024-07-06 15:08:58.685,8530.0,242.0,8,0.0,True,8,car,0 days 00:00:09.788000,0 days 01:21:45.676000,797.3088888888889
2024-07-06 15:08:58.925,8879.0,216.0,7,0.0,True,8,car,0 days 00:00:10.028000,0 days 01:21:45.916000,811.7088888888889
2024-07-06 15:08:59.165,9687.0,196.0,7,0.0,True,8,car,0 days 00:00:10.268000,0 days 01:21:46.156000,824.7755555555556
2024-07-06 15:08:59.405,9994.0,174.0,7,0.0,True,8,car,0 days 00:00:10.508000,0 days 01:21:46.396000,836.3755555555555
2024-07-06 15:08:59.685,10402.0,156.0,7,0.0,True,8,car,0 days 00:00:10.788000,0 days 01:21:46.676000,848.5088888888888
2024-07-06 15:08:59.885,10331.0,146.0,6,0.0,True,8,car,0 days 00:00:10.988000,0 days 01:21:46.876000,856.6199999999999
2024-07-06 15:09:00.165,9570.0,139.0,3,0.0,True,8,car,0 days 00:00:11.268000,0 days 01:21:47.156000,867.431111111111
2024-07-06 15:09:00.445,8997.0,129.0,3,0.0,True,8,car,0 days 00:00:11.548000,0 days 01:21:47.436000,877.4644444444443
2024-07-06 15:09:00.645,8582.0,125.0,3,0.0,False,8,car,0 days 00:00:11.748000,0 days 01:21:47.636000,884.4088888888888
2024-07-06 15:09:00.965,8761.0,120.0,3,0.0,False,8,car,0 days 00:00:12.068000,0 days 01:21:47.956000,895.0755555555554
2024-07-06 15:09:01.125,8540.0,116.0,3,20.0,False,8,car,0 days 00:00:12.228000,0 days 01:21:48.116000,900.231111111111
2024-07-06 15:09:01.405,8638.0,115.0,3,40.0,False,8,car,0 days 00:00:12.508000,0 days 01:21:48.396000,909.1755555555554
2024-07-06 15:09:01.605,8715.0,116.0,3,46.0,False,8,car,0 days 00:00:12.708000,0 days 01:21:48.596000,915.6199999999999
2024-07-06 15:09:01.845,9201.0,120.0,3,51.0,False,8,car,0 days 00:00:12.948000,0 days 01:21:48.836000,923.6199999999999
2024-07-06 15:09:02.325,10219.0,132.0,3,67.0,False,8,car,0 days 00:00:13.428000,0 days 01:21:49.316000,941.2199999999999
2024-07-06 15:09:02.684,10751.0,139.0,3,70.0,False,8,car,0 days 00:00:13.787000,0 days 01:21:49.675000,955.0813888888888
2024-07-06 15:09:03.165,9854.0,143.0,3,0.0,True,8,car,0 days 00:00:14.268000,0 days 01:21:50.156000,974.1877777777777
2024-07-06 15:09:03.365,9084.0,134.0,3,0.0,True,8,car,0 days 00:00:14.468000,0 days 01:21:50.356000,981.6322222222221
2024-07-06 15:09:03.725,8085.0,120.0,3,0.0,True,8,car,0 days 00:00:14.828000,0 days 01:21:50.716000,993.6322222222221
2024-07-06 15:09:03.925,7655.0,113.0,3,0.0,True,8,car,0 days 00:00:15.028000,0 days 01:21:50.916000,999.91
2024-07-06 15:09:04.165,7232.0,107.0,3,0.0,True,8,car,0 days 00:00:15.268000,0 days 01:21:51.156000,1007.0433333333333
2024-07-06 15:09:04.405,7050.0,102.0,3,0.0,True,8,car,0 days 00:00:15.508000,0 days 01:21:51.396000,1013.8433333333332
2024-07-06 15:09:04.605,6928.0,99.0,3,0.0,False,8,car,0 days 00:00:15.708000,0 days 01:21:51.596000,1019.3433333333332
2024-07-06 15:09:04.885,6720.0,95.0,3,0.0,False,8,car,0 days 00:00:15.988000,0 days 01:21:51.876000,1026.7322222222222
2024-07-06 15:09:05.245,6907.0,90.0,3,16.0,False,8,car,0 days 00:00:16.348000,0 days 01:21:52.236000,1035.7322222222222
2024-07-06 15:09:05.445,7142.0,92.0,3,35.0,False,8,car,0 days 00:00:16.548000,0 days 01:21:52.436000,1040.8433333333332
2024-07-06 15:09:05.845,7607.0,98.0,3,46.0,False,8,car,0 days 00:00:16.948000,0 days 01:21:52.836000,1051.7322222222222
2024-07-06 15:09:06.125,8157.0,105.0,3,59.0,False,8,car,0 days 00:00:17.228000,0 days 01:21:53.116000,1059.898888888889
2024-07-06 15:09:06.485,8989.0,118.0,3,71.0,False,8,car,0 days 00:00:17.588000,0 days 01:21:53.476000,1071.6988888888889
2024-07-06 15:09:06.885,10940.0,137.0,3,87.0,False,8,car,0 days 00:00:17.988000,0 days 01:21:53.876000,1086.921111111111
2024-07-06 15:09:07.045,11500.0,143.0,3,100.0,False,8,car,0 days 00:00:18.148000,0 days 01:21:54.036000,1093.2766666666666
2024-07-06 15:09:07.525,12111.0,167.0,3,100.0,False,8,car,0 days 00:00:18.628000,0 days 01:21:54.516000,1115.5433333333333
2024-07-06 15:09:07.925,11546.0,179.0,4,100.0,False,8,car,0 days 00:00:19.028000,0 days 01:21:54.916000,1135.4322222222222
2024-07-06 15:09:08.285,10872.0,195.0,4,100.0,False,8,car,0 days 00:00:19.388000,0 days 01:21:55.276000,1154.9322222222224
2024-07-06 15:09:08.525,11202.0,205.0,5,100.0,False,8,car,0 days 00:00:19.628000,0 days 01:21:55.516000,1168.598888888889
2024-07-06 15:09:08.725,11519.0,212.0,5,100.0,False,8,car,0 days 00:00:19.828000,0 days 01:21:55.716000,1180.3766666666668
2024-07-06 15:09:09.165,10703.0,223.0,6,100.0,False,8,car,0 days 00:00:20.268000,0 days 01:21:56.156000,1207.6322222222225
2024-07-06 15:09:09.565,10906.0,233.0,6,100.0,False,8,car,0 days 00:00:20.668000,0 days 01:21:56.556000,1233.5211111111112
2024-07-06 15:09:09.805,11466.0,236.0,6,100.0,False,8,car,0 days 00:00:20.908000,0 days 01:21:56.796000,1249.2544444444447
2024-07-06 15:09:10.165,11570.0,243.0,6,100.0,False,8,car,0 days 00:00:21.268000,0 days 01:21:57.156000,1273.5544444444447
2024-07-06 15:09:10.485,11223.0,250.0,6,100.0,False,14,car,0 days 00:00:21.588000,0 days 01:21:57.476000,1295.7766666666669
2024-07-06 15:09:10.765,10520.0,253.0,7,100.0,False,14,car,0 days 00:00:21.868000,0 days 01:21:57.756000,1315.4544444444446
2024-07-06 15:09:10.965,10638.0,257.0,7,100.0,False,12,car,0 days 00:00:22.068000,0 days 01:21:57.956000,1329.7322222222226
2024-07-06 15:09:11.285,10853.0,265.0,7,100.0,False,12,car,0 days 00:00:22.388000,0 days 01:21:58.276000,1353.2877777777783
2024-07-06 15:09:11.445,11003.0,267.0,7,100.0,False,12,car,0 days 00:00:22.548000,0 days 01:21:58.436000,1365.1544444444446
2024-07-06 15:09:11.645,11092.0,270.0,7,100.0,False,12,car,0 days 00:00:22.748000,0 days 01:21:58.636000,1380.1544444444448
2024-07-06 15:09:11.845,11257.0,273.0,7,100.0,False,12,car,0 days 00:00:22.948000,0 days 01:21:58.836000,1395.3211111111113
2024-07-06 15:09:12.085,11275.0,274.0,7,100.0,False,12,car,0 days 00:00:23.188000,0 days 01:21:59.076000,1413.587777777778
2024-07-06 15:09:12.325,11479.0,280.0,7,100.0,False,12,car,0 days 00:00:23.428000,0 days 01:21:59.316000,1432.2544444444447
2024-07-06 15:09:12.605,11674.0,284.0,7,100.0,False,12,car,0 days 00:00:23.708000,0 days 01:21:59.596000,1454.3433333333335
2024-07-06 15:09:12.805,11717.0,287.0,7,100.0,False,12,car,0 days 00:00:23.908000,0 days 01:21:59.796000,1470.287777777778
2024-07-06 15:09:13.085,11834.0,290.0,7,100.0,False,12,car,0 days 00:00:24.188000,0 days 01:22:00.076000,1492.8433333333335
2024-07-06 15:09:13.245,10854.0,291.0,7,100.0,False,12,car,0 days 00:00:24.348000,0 days 01:22:00.236000,1505.7766666666669
2024-07-06 15:09:13.485,10512.0,294.0,7,100.0,False,12,car,0 days 00:00:24.588000,0 days 01:22:00.476000,1525.376666666667
2024-07-06 15:09:13.925,10669.0,299.0,8,100.0,False,12,car,0 days 00:00:25.028000,0 days 01:22:00.916000,1561.9211111111113
2024-07-06 15:09:14.285,10792.0,303.0,8,100.0,False,12,car,0 days 00:00:25.388000,0 days 01:22:01.276000,1592.2211111111114
2024-07-06 15:09:14.525,10852.0,305.0,8,100.0,False,12,car,0 days 00:00:25.628000,0 days 01:22:01.516000,1612.5544444444447
2024-07-06 15:09:14.725,10900.0,305.0,8,100.0,False,12,car,0 days 00:00:25.828000,0 days 01:22:01.716000,1629.498888888889
2024-07-06 15:09:14.965,10956.0,307.0,8,100.0,False,12,car,0 days 00:00:26.068000,0 days 01:22:01.956000,1649.965555555556
2024-07-06 15:09:15.325,11047.0,309.0,8,100.0,False,12,car,0 days 00:00:26.428000,0 days 01:22:02.316000,1680.8655555555558
2024-07-06 15:09:15.605,11085.0,311.0,8,100.0,False,12,car,0 days 00:00:26.708000,0 days 01:22:02.596000,1705.0544444444445
2024-07-06 15:09:15.885,11143.0,313.0,8,100.0,False,12,car,0 days 00:00:26.988000,0 days 01:22:02.876000,1729.398888888889
2024-07-06 15:09:16.045,11215.0,314.0,8,100.0,False,12,car,0 days 00:00:27.148000,0 days 01:22:03.036000,1743.3544444444444
2024-07-06 15:09:16.205,11149.0,314.0,8,100.0,False,12,car,0 days 00:00:27.308000,0 days 01:22:03.196000,1757.31
2024-07-06 15:09:16.525,11230.0,315.0,8,100.0,False,12,car,0 days 00:00:27.628000,0 days 01:22:03.516000,1785.31
2024-07-06 15:09:16.685,11246.0,315.0,8,100.0,False,12,car,0 days 00:00:27.788000,0 days 01:22:03.676000,1799.31
2024-07-06 15:09:16.965,11221.0,315.0,8,100.0,False,12,car,0 days 00:00:28.068000,0 days 01:22:03.956000,1823.81
2024-07-06 15:09:17.285,11210.0,315.0,8,100.0,False,12,car,0 days 00:00:28.388000,0 days 01:22:04.276000,1851.81
2024-07-06 15:09:17.485,10557.0,304.0,8,51.0,True,8,car,0 days 00:00:28.588000,0 days 01:22:04.476000,1868.6988888888889
2024-07-06 15:09:17.685,10373.0,278.0,8,0.0,True,8,car,0 days 00:00:28.788000,0 days 01:22:04.676000,1884.1433333333332
2024-07-06 15:09:18.005,10839.0,246.0,8,0.0,True,8,car,0 days 00:00:29.108000,0 days 01:22:04.996000,1906.01
2024-07-06 15:09:18.325,10419.0,220.0,6,0.0,True,8,car,0 days 00:00:29.428000,0 days 01:22:05.316000,1925.5655555555556
2024-07-06 15:09:18.565,10812.0,214.0,5,0.0,True,8,car,0 days 00:00:29.668000,0 days 01:22:05.556000,1939.8322222222223
2024-07-06 15:09:18.925,10456.0,192.0,5,0.0,True,8,car,0 days 00:00:30.028000,0 days 01:22:05.916000,1959.0322222222223
2024-07-06 15:09:19.205,11193.0,183.0,4,0.0,True,8,car,0 days 00:00:30.308000,0 days 01:22:06.196000,1973.2655555555557
2024-07-06 15:09:19.645,10701.0,174.0,4,38.0,False,8,car,0 days 00:00:30.748000,0 days 01:22:06.636000,1994.5322222222223
2024-07-06 15:09:19.965,10950.0,172.0,4,61.0,False,8,car,0 days 00:00:31.068000,0 days 01:22:06.956000,2009.8211111111113
2024-07-06 15:09:20.285,11346.0,177.0,4,73.0,False,8,car,0 days 00:00:31.388000,0 days 01:22:07.276000,2025.5544444444447
2024-07-06 15:09:20.485,11652.0,182.0,4,81.0,False,8,car,0 days 00:00:31.588000,0 days 01:22:07.476000,2035.6655555555558
2024-07-06 15:09:20.685,11964.0,188.0,4,89.0,False,8,car,0 days 00:00:31.788000,0 days 01:22:07.676000,2046.1100000000001
2024-07-06 15:09:21.085,11866.0,197.0,4,77.0,True,8,car,0 days 00:00:32.188000,0 days 01:22:08.076000,2067.9988888888893
2024-07-06 15:09:21.485,10493.0,174.0,4,0.0,True,8,car,0 days 00:00:32.588000,0 days 01:22:08.476000,2087.3322222222228
2024-07-06 15:09:21.805,10987.0,157.0,4,0.0,True,8,car,0 days 00:00:32.908000,0 days 01:22:08.796000,2101.2877777777785
2024-07-06 15:09:21.965,10381.0,150.0,3,0.0,True,8,car,0 days 00:00:33.068000,0 days 01:22:08.956000,2107.954444444445
2024-07-06 15:09:22.165,9694.0,142.0,3,0.0,True,8,car,0 days 00:00:33.268000,0 days 01:22:09.156000,2115.843333333334
2024-07-06 15:09:22.566,9274.0,129.0,3,0.0,True,8,car,0 days 00:00:33.669000,0 days 01:22:09.557000,2130.2125000000005
2024-07-06 15:09:22.885,8644.0,122.0,3,0.0,False,8,car,0 days 00:00:33.988000,0 days 01:22:09.876000,2141.0230555555563
2024-07-06 15:09:23.125,8400.0,119.0,3,2.0,False,8,car,0 days 00:00:34.228000,0 days 01:22:10.116000,2148.9563888888897
2024-07-06 15:09:23.525,8680.0,116.0,3,48.0,False,8,car,0 days 00:00:34.628000,0 days 01:22:10.516000,2161.8452777777784
2024-07-06 15:09:23.725,8913.0,119.0,3,53.0,False,8,car,0 days 00:00:34.828000,0 days 01:22:10.716000,2168.4563888888897
2024-07-06 15:09:23.925,9340.0,122.0,3,59.0,False,8,car,0 days 00:00:35.028000,0 days 01:22:10.916000,2175.2341666666675
2024-07-06 15:09:24.205,9836.0,128.0,3,69.0,False,8,car,0 days 00:00:35.308000,0 days 01:22:11.196000,2185.1897222222233
2024-07-06 15:09:24.525,10744.0,139.0,3,76.0,False,8,car,0 days 00:00:35.628000,0 days 01:22:11.516000,2197.5452777777787
2024-07-06 15:09:24.765,11330.0,145.0,3,83.0,False,8,car,0 days 00:00:35.868000,0 days 01:22:11.756000,2207.2119444444456
2024-07-06 15:09:25.005,11968.0,159.0,3,100.0,False,8,car,0 days 00:00:36.108000,0 days 01:22:11.996000,2217.8119444444455
2024-07-06 15:09:25.205,11587.0,168.0,3,100.0,False,8,car,0 days 00:00:36.308000,0 days 01:22:12.196000,2227.145277777779
2024-07-06 15:09:25.405,11230.0,176.0,4,100.0,False,8,car,0 days 00:00:36.508000,0 days 01:22:12.396000,2236.923055555557
2024-07-06 15:09:25.565,11510.0,180.0,4,100.0,False,8,car,0 days 00:00:36.668000,0 days 01:22:12.556000,2244.923055555557
2024-07-06 15:09:25.925,11217.0,194.0,4,100.0,False,8,car,0 days 00:00:37.028000,0 days 01:22:12.916000,2264.323055555557
2024-07-06 15:09:26.245,11242.0,203.0,5,100.0,False,8,car,0 days 00:00:37.348000,0 days 01:22:13.236000,2282.367500000001
2024-07-06 15:09:26.445,11458.0,210.0,5,100.0,False,8,car,0 days 00:00:37.548000,0 days 01:22:13.436000,2294.034166666668
2024-07-06 15:09:26.765,10438.0,218.0,5,100.0,False,8,car,0 days 00:00:37.868000,0 days 01:22:13.756000,2313.411944444446
2024-07-06 15:09:27.045,10914.0,227.0,6,100.0,False,8,car,0 days 00:00:38.148000,0 days 01:22:14.036000,2331.0675000000015
2024-07-06 15:09:27.485,11325.0,240.0,6,100.0,False,8,car,0 days 00:00:38.588000,0 days 01:22:14.476000,2360.4008333333345
2024-07-06 15:09:27.685,11526.0,242.0,6,100.0,False,8,car,0 days 00:00:38.788000,0 days 01:22:14.676000,2373.845277777779
2024-07-06 15:09:28.005,11812.0,248.0,6,100.0,False,8,car,0 days 00:00:39.108000,0 days 01:22:14.996000,2395.889722222223
2024-07-06 15:09:28.205,10760.0,254.0,6,100.0,False,8,car,0 days 00:00:39.308000,0 days 01:22:15.196000,2410.0008333333344
2024-07-06 15:09:28.485,10659.0,259.0,7,100.0,False,8,car,0 days 00:00:39.588000,0 days 01:22:15.476000,2430.145277777779
2024-07-06 15:09:28.965,10935.0,265.0,7,100.0,False,8,car,0 days 00:00:40.068000,0 days 01:22:15.956000,2465.478611111112
2024-07-06 15:09:29.126,10981.0,268.0,7,100.0,False,8,car,0 days 00:00:40.229000,0 days 01:22:16.117000,2477.4641666666676
2024-07-06 15:09:29.565,11244.0,273.0,7,100.0,False,8,car,0 days 00:00:40.668000,0 days 01:22:16.556000,2510.755000000001
2024-07-06 15:09:29.925,11387.0,279.0,7,100.0,False,8,car,0 days 00:00:41.028000,0 days 01:22:16.916000,2538.655000000001
2024-07-06 15:09:30.165,11493.0,279.0,7,100.0,False,8,car,0 days 00:00:41.268000,0 days 01:22:17.156000,2557.2550000000015
2024-07-06 15:09:30.325,11572.0,282.0,7,100.0,False,8,car,0 days 00:00:41.428000,0 days 01:22:17.316000,2569.7883333333343
2024-07-06 15:09:30.565,11628.0,283.0,7,100.0,False,8,car,0 days 00:00:41.668000,0 days 01:22:17.556000,2588.655000000001
2024-07-06 15:09:30.965,11791.0,287.0,7,100.0,False,8,car,0 days 00:00:42.068000,0 days 01:22:17.956000,2620.54388888889
2024-07-06 15:09:31.165,10811.0,290.0,7,100.0,False,8,car,0 days 00:00:42.268000,0 days 01:22:18.156000,2636.655000000001
2024-07-06 15:09:31.445,10466.0,292.0,8,100.0,False,8,car,0 days 00:00:42.548000,0 days 01:22:18.436000,2659.3661111111123
2024-07-06 15:09:31.645,10476.0,294.0,8,100.0,False,8,car,0 days 00:00:42.748000,0 days 01:22:18.636000,2675.6994444444454
2024-07-06 15:09:31.845,10572.0,296.0,8,100.0,False,8,car,0 days 00:00:42.948000,0 days 01:22:18.836000,2692.14388888889
2024-07-06 15:09:32.125,10632.0,298.0,8,100.0,False,8,car,0 days 00:00:43.228000,0 days 01:22:19.116000,2715.321666666668
2024-07-06 15:09:32.285,10678.0,299.0,8,100.0,False,8,car,0 days 00:00:43.388000,0 days 01:22:19.276000,2728.610555555557
2024-07-06 15:09:32.525,10774.0,301.0,8,100.0,False,8,car,0 days 00:00:43.628000,0 days 01:22:19.516000,2748.6772222222235
2024-07-06 15:09:32.725,10807.0,302.0,8,100.0,False,8,car,0 days 00:00:43.828000,0 days 01:22:19.716000,2765.4550000000013
2024-07-06 15:09:32.965,10835.0,304.0,8,100.0,False,8,car,0 days 00:00:44.068000,0 days 01:22:19.956000,2785.7216666666677
2024-07-06 15:09:33.205,10894.0,306.0,8,100.0,False,8,car,0 days 00:00:44.308000,0 days 01:22:20.196000,2806.121666666668
2024-07-06 15:09:33.365,10922.0,306.0,8,100.0,False,8,car,0 days 00:00:44.468000,0 days 01:22:20.356000,2819.721666666668
2024-07-06 15:09:33.645,10957.0,307.0,8,100.0,False,8,car,0 days 00:00:44.748000,0 days 01:22:20.636000,2843.5994444444455
2024-07-06 15:09:33.805,11017.0,308.0,8,100.0,False,8,car,0 days 00:00:44.908000,0 days 01:22:20.796000,2857.288333333335
2024-07-06 15:09:34.005,11016.0,309.0,8,100.0,False,8,car,0 days 00:00:45.108000,0 days 01:22:20.996000,2874.4550000000013
2024-07-06 15:09:34.325,11026.0,309.0,8,100.0,False,8,car,0 days 00:00:45.428000,0 days 01:22:21.316000,2901.921666666668
2024-07-06 15:09:34.565,11051.0,309.0,8,100.0,False,8,car,0 days 00:00:45.668000,0 days 01:22:21.556000,2922.5216666666684
2024-07-06 15:09:34.805,11072.0,310.0,8,100.0,False,8,car,0 days 00:00:45.908000,0 days 01:22:21.796000,2943.1883333333353
2024-07-06 15:09:35.085,10984.0,309.0,8,100.0,False,8,car,0 days 00:00:46.188000,0 days 01:22:22.076000,2967.2216666666686
2024-07-06 15:09:35.285,11038.0,308.0,8,100.0,False,8,car,0 days 00:00:46.388000,0 days 01:22:22.276000,2984.3327777777795
2024-07-06 15:09:35.485,10996.0,307.0,8,100.0,False,8,car,0 days 00:00:46.588000,0 days 01:22:22.476000,3001.388333333335
2024-07-06 15:09:35.926,10902.0,304.0,8,100.0,False,8,car,0 days 00:00:47.029000,0 days 01:22:22.917000,3038.6283333333354
2024-07-06 15:09:36.205,10813.0,301.0,8,100.0,False,8,car,0 days 00:00:47.308000,0 days 01:22:23.196000,3061.9558333333352
2024-07-06 15:09:36.525,10771.0,300.0,8,100.0,False,8,car,0 days 00:00:47.628000,0 days 01:22:23.516000,3088.6225000000018
2024-07-06 15:09:36.765,10682.0,298.0,8,100.0,False,8,car,0 days 00:00:47.868000,0 days 01:22:23.756000,3108.4891666666686
2024-07-06 15:09:37.045,10619.0,297.0,8,100.0,False,8,car,0 days 00:00:48.148000,0 days 01:22:24.036000,3131.5891666666685
2024-07-06 15:09:37.205,10590.0,294.0,8,100.0,False,8,car,0 days 00:00:48.308000,0 days 01:22:24.196000,3144.655833333335
2024-07-06 15:09:37.525,10541.0,293.0,8,100.0,False,8,car,0 days 00:00:48.628000,0 days 01:22:24.516000,3170.7002777777793
2024-07-06 15:09:37.885,10527.0,295.0,8,100.0,False,8,car,0 days 00:00:48.988000,0 days 01:22:24.876000,3200.2002777777793
2024-07-06 15:09:38.125,10571.0,296.0,8,100.0,False,8,car,0 days 00:00:49.228000,0 days 01:22:25.116000,3219.933611111113
2024-07-06 15:09:38.325,10582.0,297.0,8,100.0,False,8,car,0 days 00:00:49.428000,0 days 01:22:25.316000,3236.4336111111124
2024-07-06 15:09:38.525,10618.0,298.0,8,100.0,False,8,car,0 days 00:00:49.628000,0 days 01:22:25.516000,3252.989166666668
2024-07-06 15:09:38.845,10694.0,300.0,8,100.0,False,8,car,0 days 00:00:49.948000,0 days 01:22:25.836000,3279.6558333333346
2024-07-06 15:09:39.165,10709.0,300.0,8,100.0,False,8,car,0 days 00:00:50.268000,0 days 01:22:26.156000,3306.322500000001
2024-07-06 15:09:39.405,10757.0,301.0,8,100.0,False,8,car,0 days 00:00:50.508000,0 days 01:22:26.396000,3326.3891666666677
2024-07-06 15:09:39.565,10740.0,301.0,8,100.0,False,8,car,0 days 00:00:50.668000,0 days 01:22:26.556000,3339.766944444445
2024-07-06 15:09:39.765,10806.0,303.0,8,100.0,False,8,car,0 days 00:00:50.868000,0 days 01:22:26.756000,3356.6002777777785
2024-07-06 15:09:40.245,10815.0,304.0,8,100.0,False,8,car,0 days 00:00:51.348000,0 days 01:22:27.236000,3397.1336111111113
2024-07-06 15:09:40.485,10866.0,305.0,8,100.0,False,8,car,0 days 00:00:51.588000,0 days 01:22:27.476000,3417.466944444445
2024-07-06 15:09:40.845,10912.0,306.0,8,100.0,False,8,car,0 days 00:00:51.948000,0 days 01:22:27.836000,3448.0669444444447
2024-07-06 15:09:41.085,10930.0,306.0,8,100.0,False,8,car,0 days 00:00:52.188000,0 days 01:22:28.076000,3468.466944444445
2024-07-06 15:09:41.405,10980.0,307.0,8,100.0,False,8,car,0 days 00:00:52.508000,0 days 01:22:28.396000,3495.7558333333336
2024-07-06 15:09:41.685,10957.0,307.0,8,100.0,False,8,car,0 days 00:00:52.788000,0 days 01:22:28.676000,3519.633611111111
2024-07-06 15:09:42.005,10970.0,308.0,8,100.0,False,8,car,0 days 00:00:53.108000,0 days 01:22:28.996000,3547.0113888888886
2024-07-06 15:09:42.446,11011.0,308.0,8,100.0,False,8,car,0 days 00:00:53.549000,0 days 01:22:29.437000,3584.7413888888887
2024-07-06 15:09:42.646,10964.0,307.0,8,100.0,False,8,car,0 days 00:00:53.749000,0 days 01:22:29.637000,3601.7969444444443
2024-07-06 15:09:42.925,10960.0,307.0,8,100.0,False,8,car,0 days 00:00:54.028000,0 days 01:22:29.916000,3625.589444444444
2024-07-06 15:09:43.125,10930.0,307.0,8,100.0,False,8,car,0 days 00:00:54.228000,0 days 01:22:30.116000,3642.6449999999995
2024-07-06 15:09:43.285,10924.0,305.0,8,100.0,False,8,car,0 days 00:00:54.388000,0 days 01:22:30.276000,3656.2005555555547
2024-07-06 15:09:43.685,10739.0,300.0,8,100.0,False,8,car,0 days 00:00:54.788000,0 days 01:22:30.676000,3689.5338888888878
2024-07-06 15:09:43.845,10624.0,299.0,8,100.0,False,8,car,0 days 00:00:54.948000,0 days 01:22:30.836000,3702.822777777777
2024-07-06 15:09:44.125,10497.0,295.0,8,100.0,False,8,car,0 days 00:00:55.228000,0 days 01:22:31.116000,3725.7672222222213
2024-07-06 15:09:44.365,10433.0,293.0,8,100.0,False,8,car,0 days 00:00:55.468000,0 days 01:22:31.356000,3745.3005555555546
2024-07-06 15:09:44.565,10360.0,291.0,8,100.0,False,8,car,0 days 00:00:55.668000,0 days 01:22:31.556000,3761.467222222221
2024-07-06 15:09:44.725,10410.0,292.0,8,100.0,False,8,car,0 days 00:00:55.828000,0 days 01:22:31.716000,3774.4449999999993
2024-07-06 15:09:44.925,10378.0,290.0,8,100.0,False,8,car,0 days 00:00:56.028000,0 days 01:22:31.916000,3790.55611111111
2024-07-06 15:09:45.125,10280.0,288.0,8,70.0,False,8,car,0 days 00:00:56.228000,0 days 01:22:32.116000,3806.55611111111
2024-07-06 15:09:45.565,11269.0,277.0,7,52.0,False,8,car,0 days 00:00:56.668000,0 days 01:22:32.556000,3840.4116666666655
2024-07-06 15:09:45.805,11029.0,268.0,7,51.0,False,8,car,0 days 00:00:56.908000,0 days 01:22:32.796000,3858.2783333333323
2024-07-06 15:09:46.045,10880.0,265.0,7,53.0,False,8,car,0 days 00:00:57.148000,0 days 01:22:33.036000,3875.9449999999993
2024-07-06 15:09:46.365,10660.0,261.0,7,65.0,False,8,car,0 days 00:00:57.468000,0 days 01:22:33.356000,3899.144999999999
2024-07-06 15:09:46.565,11563.0,258.0,7,26.0,True,8,car,0 days 00:00:57.668000,0 days 01:22:33.556000,3913.478333333332
2024-07-06 15:09:47.045,11149.0,240.0,6,29.0,False,8,car,0 days 00:00:58.148000,0 days 01:22:34.036000,3945.4783333333326
2024-07-06 15:09:47.205,10987.0,234.0,6,37.0,False,8,car,0 days 00:00:58.308000,0 days 01:22:34.196000,3955.878333333332
2024-07-06 15:09:47.645,10715.0,226.0,6,62.0,False,8,car,0 days 00:00:58.748000,0 days 01:22:34.636000,3983.5005555555545
2024-07-06 15:09:47.885,10539.0,223.0,6,64.0,False,8,car,0 days 00:00:58.988000,0 days 01:22:34.876000,3998.3672222222212
2024-07-06 15:09:48.125,10814.0,226.0,6,88.0,False,8,car,0 days 00:00:59.228000,0 days 01:22:35.116000,4013.433888888888
2024-07-06 15:09:48.365,10960.0,228.0,6,100.0,False,8,car,0 days 00:00:59.468000,0 days 01:22:35.356000,4028.633888888888
2024-07-06 15:09:48.605,11137.0,229.0,6,100.0,False,8,car,0 days 00:00:59.708000,0 days 01:22:35.596000,4043.9005555555545
2024-07-06 15:09:48.886,11324.0,239.0,6,100.0,False,8,car,0 days 00:00:59.989000,0 days 01:22:35.877000,4062.5558333333324
2024-07-06 15:09:49.046,11433.0,238.0,6,100.0,False,8,car,0 days 00:01:00.149000,0 days 01:22:36.037000,4073.1336111111104
2024-07-06 15:09:49.486,11677.0,248.0,6,100.0,False,8,car,0 days 00:01:00.589000,0 days 01:22:36.477000,4103.444722222222
2024-07-06 15:09:49.805,10613.0,252.0,6,100.0,False,8,car,0 days 00:01:00.908000,0 days 01:22:36.796000,4125.7747222222215
2024-07-06 15:09:50.085,10658.0,256.0,7,100.0,False,14,car,0 days 00:01:01.188000,0 days 01:22:37.076000,4145.685833333333
2024-07-06 15:09:50.285,10688.0,258.0,7,100.0,False,14,car,0 days 00:01:01.388000,0 days 01:22:37.276000,4160.019166666666
2024-07-06 15:09:50.565,10869.0,263.0,7,100.0,False,12,car,0 days 00:01:01.668000,0 days 01:22:37.556000,4180.474722222221
2024-07-06 15:09:50.725,10869.0,263.0,7,100.0,False,12,car,0 days 00:01:01.828000,0 days 01:22:37.716000,4192.16361111111
2024-07-06 15:09:50.965,11201.0,270.0,7,100.0,False,12,car,0 days 00:01:02.068000,0 days 01:22:37.956000,4210.16361111111
2024-07-06 15:09:51.165,11276.0,273.0,7,100.0,False,12,car,0 days 00:01:02.268000,0 days 01:22:38.156000,4225.330277777777
2024-07-06 15:09:51.325,11351.0,276.0,7,100.0,False,12,car,0 days 00:01:02.428000,0 days 01:22:38.316000,4237.596944444444
2024-07-06 15:09:51.565,11478.0,278.0,7,100.0,False,12,car,0 days 00:01:02.668000,0 days 01:22:38.556000,4256.130277777777
2024-07-06 15:09:51.765,11645.0,282.0,7,100.0,False,12,car,0 days 00:01:02.868000,0 days 01:22:38.756000,4271.796944444444
2024-07-06 15:09:52.205,11270.0,289.0,7,100.0,False,12,car,0 days 00:01:03.308000,0 days 01:22:39.196000,4307.119166666666
2024-07-06 15:09:52.365,10549.0,291.0,7,100.0,False,12,car,0 days 00:01:03.468000,0 days 01:22:39.356000,4320.0525
2024-07-06 15:09:52.605,10561.0,295.0,8,100.0,False,12,car,0 days 00:01:03.708000,0 days 01:22:39.596000,4339.719166666666
2024-07-06 15:09:52.805,10597.0,297.0,8,100.0,False,12,car,0 days 00:01:03.908000,0 days 01:22:39.796000,4356.219166666666
2024-07-06 15:09:52.965,10676.0,298.0,8,100.0,False,12,car,0 days 00:01:04.068000,0 days 01:22:39.956000,4369.46361111111
2024-07-06 15:09:53.205,10759.0,299.0,8,100.0,False,12,car,0 days 00:01:04.308000,0 days 01:22:40.196000,4389.396944444445
2024-07-06 15:09:53.365,10819.0,302.0,8,100.0,False,12,car,0 days 00:01:04.468000,0 days 01:22:40.356000,4402.819166666666
2024-07-06 15:09:53.525,10840.0,305.0,8,100.0,False,12,car,0 days 00:01:04.628000,0 days 01:22:40.516000,4416.374722222222
2024-07-06 15:09:53.685,10906.0,306.0,8,100.0,False,12,car,0 days 00:01:04.788000,0 days 01:22:40.676000,4429.974722222221
2024-07-06 15:09:53.925,11028.0,308.0,8,100.0,False,12,car,0 days 00:01:05.028000,0 days 01:22:40.916000,4450.508055555555
2024-07-06 15:09:54.125,10975.0,309.0,8,100.0,False,12,car,0 days 00:01:05.228000,0 days 01:22:41.116000,4467.674722222221
2024-07-06 15:09:54.445,11091.0,311.0,8,100.0,False,12,car,0 days 00:01:05.548000,0 days 01:22:41.436000,4495.319166666666
2024-07-06 15:09:54.605,11119.0,312.0,8,100.0,False,12,car,0 days 00:01:05.708000,0 days 01:22:41.596000,4509.185833333333
2024-07-06 15:09:54.845,11190.0,314.0,8,100.0,False,12,car,0 days 00:01:05.948000,0 days 01:22:41.836000,4530.1191666666655
2024-07-06 15:09:55.125,11230.0,315.0,8,100.0,False,12,car,0 days 00:01:06.228000,0 days 01:22:42.116000,4554.6191666666655
2024-07-06 15:09:55.486,11299.0,317.0,8,100.0,False,12,car,0 days 00:01:06.589000,0 days 01:22:42.477000,4586.407222222221
2024-07-06 15:09:55.726,11326.0,318.0,8,100.0,False,12,car,0 days 00:01:06.829000,0 days 01:22:42.717000,4607.607222222221
2024-07-06 15:09:55.966,11361.0,319.0,8,100.0,False,12,car,0 days 00:01:07.069000,0 days 01:22:42.957000,4628.873888888888
2024-07-06 15:09:56.246,11411.0,319.0,8,100.0,False,12,car,0 days 00:01:07.349000,0 days 01:22:43.237000,4653.6849999999995
2024-07-06 15:09:56.445,11445.0,321.0,8,100.0,False,12,car,0 days 00:01:07.548000,0 days 01:22:43.436000,4671.429166666666
2024-07-06 15:09:56.645,11459.0,321.0,8,100.0,False,12,car,0 days 00:01:07.748000,0 days 01:22:43.636000,4689.2625
2024-07-06 15:09:56.925,11447.0,323.0,8,100.0,False,12,car,0 days 00:01:08.028000,0 days 01:22:43.916000,4714.384722222222
2024-07-06 15:09:57.205,11520.0,323.0,8,100.0,False,12,car,0 days 00:01:08.308000,0 days 01:22:44.196000,4739.506944444444
2024-07-06 15:09:57.485,11522.0,324.0,8,100.0,False,12,car,0 days 00:01:08.588000,0 days 01:22:44.476000,4764.706944444443
2024-07-06 15:09:57.645,11562.0,325.0,8,100.0,False,12,car,0 days 00:01:08.748000,0 days 01:22:44.636000,4779.1513888888885
2024-07-06 15:09:57.845,11542.0,324.0,8,100.0,False,12,car,0 days 00:01:08.948000,0 days 01:22:44.836000,4797.151388888888
2024-07-06 15:09:58.045,11565.0,325.0,8,100.0,False,12,car,0 days 00:01:09.148000,0 days 01:22:45.036000,4815.206944444443
2024-07-06 15:09:58.205,11568.0,325.0,8,100.0,False,12,car,0 days 00:01:09.308000,0 days 01:22:45.196000,4829.6513888888885
2024-07-06 15:09:58.565,11560.0,324.0,8,100.0,False,10,car,0 days 00:01:09.668000,0 days 01:22:45.556000,4862.051388888888
2024-07-06 15:09:58.725,11487.0,324.0,8,100.0,False,10,car,0 days 00:01:09.828000,0 days 01:22:45.716000,4876.451388888888
2024-07-06 15:09:59.005,10953.0,317.0,8,62.0,True,8,car,0 days 00:01:10.108000,0 days 01:22:45.996000,4901.106944444444
2024-07-06 15:09:59.205,11675.0,305.0,8,37.0,True,8,car,0 days 00:01:10.308000,0 days 01:22:46.196000,4918.051388888888
2024-07-06 15:09:59.445,11665.0,292.0,7,29.0,True,8,car,0 days 00:01:10.548000,0 days 01:22:46.436000,4937.518055555554
2024-07-06 15:09:59.765,12300.0,273.0,7,21.0,False,8,car,0 days 00:01:10.868000,0 days 01:22:46.756000,4961.784722222221
2024-07-06 15:09:59.925,12024.0,263.0,6,27.0,False,8,car,0 days 00:01:11.028000,0 days 01:22:46.916000,4973.473611111111
2024-07-06 15:10:00.085,12016.0,256.0,6,27.0,False,8,car,0 days 00:01:11.188000,0 days 01:22:47.076000,4984.851388888888
2024-07-06 15:10:00.285,11542.0,249.0,6,44.0,False,8,car,0 days 00:01:11.388000,0 days 01:22:47.276000,4998.684722222222
2024-07-06 15:10:00.445,11424.0,246.0,6,44.0,False,8,car,0 days 00:01:11.548000,0 days 01:22:47.436000,5009.618055555556
2024-07-06 15:10:00.725,11329.0,240.0,6,71.0,False,8,car,0 days 00:01:11.828000,0 days 01:22:47.716000,5028.284722222223
2024-07-06 15:10:01.005,11455.0,241.0,6,100.0,False,8,car,0 days 00:01:12.108000,0 days 01:22:47.996000,5047.029166666667
2024-07-06 15:10:01.205,11579.0,243.0,6,100.0,False,8,car,0 days 00:01:12.308000,0 days 01:22:48.196000,5060.529166666667
2024-07-06 15:10:01.525,11702.0,244.0,6,100.0,False,8,car,0 days 00:01:12.628000,0 days 01:22:48.516000,5082.218055555556
2024-07-06 15:10:01.805,11834.0,248.0,6,100.0,False,8,car,0 days 00:01:12.908000,0 days 01:22:48.796000,5101.506944444445
2024-07-06 15:10:02.046,11740.0,250.0,6,100.0,False,8,car,0 days 00:01:13.149000,0 days 01:22:49.037000,5118.243055555557
2024-07-06 15:10:02.246,10474.0,252.0,6,100.0,False,8,car,0 days 00:01:13.349000,0 days 01:22:49.237000,5132.243055555557
2024-07-06 15:10:02.486,10581.0,256.0,7,100.0,False,8,car,0 days 00:01:13.589000,0 days 01:22:49.477000,5149.309722222223
2024-07-06 15:10:02.886,10726.0,262.0,7,100.0,False,8,car,0 days 00:01:13.989000,0 days 01:22:49.877000,5178.4208333333345
2024-07-06 15:10:03.165,10957.0,265.0,7,100.0,False,8,car,0 days 00:01:14.268000,0 days 01:22:50.156000,5198.958333333334
2024-07-06 15:10:03.525,11058.0,270.0,7,100.0,False,8,car,0 days 00:01:14.628000,0 days 01:22:50.516000,5225.958333333334
2024-07-06 15:10:03.845,11252.0,274.0,7,100.0,False,8,car,0 days 00:01:14.948000,0 days 01:22:50.836000,5250.313888888889
2024-07-06 15:10:04.125,11317.0,276.0,7,100.0,False,8,car,0 days 00:01:15.228000,0 days 01:22:51.116000,5271.780555555556
2024-07-06 15:10:04.485,11442.0,279.0,7,100.0,False,8,car,0 days 00:01:15.588000,0 days 01:22:51.476000,5299.680555555556
2024-07-06 15:10:04.805,11438.0,279.0,7,100.0,False,8,car,0 days 00:01:15.908000,0 days 01:22:51.796000,5324.480555555556
2024-07-06 15:10:05.165,11540.0,281.0,7,100.0,False,8,car,0 days 00:01:16.268000,0 days 01:22:52.156000,5352.580555555556
2024-07-06 15:10:05.365,11600.0,282.0,7,100.0,False,8,car,0 days 00:01:16.468000,0 days 01:22:52.356000,5368.247222222223
2024-07-06 15:10:05.645,11039.0,259.0,7,0.0,True,8,car,0 days 00:01:16.748000,0 days 01:22:52.636000,5388.391666666667
2024-07-06 15:10:06.005,9106.0,209.0,6,0.0,True,8,car,0 days 00:01:17.108000,0 days 01:22:52.996000,5409.291666666667
2024-07-06 15:10:06.205,9120.0,175.0,6,0.0,True,8,car,0 days 00:01:17.308000,0 days 01:22:53.196000,5419.01388888889
2024-07-06 15:10:06.605,10137.0,145.0,5,0.0,True,8,car,0 days 00:01:17.708000,0 days 01:22:53.596000,5435.125
2024-07-06 15:10:07.005,9471.0,126.0,3,0.0,True,8,car,0 days 00:01:18.108000,0 days 01:22:53.996000,5449.125
2024-07-06 15:10:07.245,8213.0,120.0,3,0.0,True,8,car,0 days 00:01:18.348000,0 days 01:22:54.236000,5457.125
2024-07-06 15:10:07.645,7995.0,111.0,3,0.0,False,8,car,0 days 00:01:18.748000,0 days 01:22:54.636000,5469.458333333334
2024-07-06 15:10:07.885,7949.0,108.0,3,5.0,False,8,car,0 days 00:01:18.988000,0 days 01:22:54.876000,5476.658333333334
2024-07-06 15:10:08.085,8205.0,107.0,3,37.0,False,8,car,0 days 00:01:19.188000,0 days 01:22:55.076000,5482.602777777778
2024-07-06 15:10:08.325,8455.0,111.0,3,56.0,False,8,car,0 days 00:01:19.428000,0 days 01:22:55.316000,5490.002777777778
2024-07-06 15:10:08.485,8977.0,117.0,3,67.0,False,8,car,0 days 00:01:19.588000,0 days 01:22:55.476000,5495.202777777778
2024-07-06 15:10:08.966,9685.0,133.0,3,62.0,False,8,car,0 days 00:01:20.069000,0 days 01:22:55.957000,5512.973055555555
2024-07-06 15:10:09.166,8705.0,134.0,3,21.0,False,8,car,0 days 00:01:20.269000,0 days 01:22:56.157000,5520.4175
2024-07-06 15:10:09.366,8464.0,132.0,4,34.0,False,8,car,0 days 00:01:20.469000,0 days 01:22:56.357000,5527.750833333333
2024-07-06 15:10:09.726,8753.0,135.0,4,49.0,False,8,car,0 days 00:01:20.829000,0 days 01:22:56.717000,5541.250833333333
2024-07-06 15:10:10.005,8949.0,138.0,4,69.0,False,8,car,0 days 00:01:21.108000,0 days 01:22:56.996000,5551.945833333333
2024-07-06 15:10:10.405,9939.0,147.0,4,87.0,False,8,car,0 days 00:01:21.508000,0 days 01:22:57.396000,5568.279166666666
2024-07-06 15:10:10.605,10391.0,159.0,4,100.0,False,8,car,0 days 00:01:21.708000,0 days 01:22:57.596000,5577.112499999999
2024-07-06 15:10:10.765,10807.0,163.0,4,100.0,False,8,car,0 days 00:01:21.868000,0 days 01:22:57.756000,5584.356944444444
2024-07-06 15:10:11.045,11443.0,175.0,4,100.0,False,8,car,0 days 00:01:22.148000,0 days 01:22:58.036000,5597.968055555555
2024-07-06 15:10:11.405,11308.0,190.0,4,100.0,False,8,car,0 days 00:01:22.508000,0 days 01:22:58.396000,5616.968055555555
2024-07-06 15:10:11.605,10768.0,190.0,5,100.0,False,8,car,0 days 00:01:22.708000,0 days 01:22:58.596000,5627.523611111111
2024-07-06 15:10:11.885,11172.0,205.0,5,100.0,False,8,car,0 days 00:01:22.988000,0 days 01:22:58.876000,5643.468055555555
2024-07-06 15:10:12.045,11506.0,208.0,5,100.0,False,8,car,0 days 00:01:23.148000,0 days 01:22:59.036000,5652.7125
2024-07-06 15:10:12.325,10939.0,216.0,5,100.0,False,8,car,0 days 00:01:23.428000,0 days 01:22:59.316000,5669.5125
2024-07-06 15:10:12.685,10617.0,224.0,6,100.0,False,8,car,0 days 00:01:23.788000,0 days 01:22:59.676000,5691.912499999999
2024-07-06 15:10:13.045,11066.0,232.0,6,100.0,False,8,car,0 days 00:01:24.148000,0 days 01:23:00.036000,5715.112499999999
2024-07-06 15:10:13.285,11229.0,237.0,6,100.0,False,8,car,0 days 00:01:24.388000,0 days 01:23:00.276000,5730.912499999999
2024-07-06 15:10:13.725,11603.0,243.0,6,100.0,False,8,car,0 days 00:01:24.828000,0 days 01:23:00.716000,5760.612499999999
2024-07-06 15:10:14.205,11284.0,253.0,6,100.0,False,8,car,0 days 00:01:25.308000,0 days 01:23:01.196000,5794.345833333333
2024-07-06 15:10:14.565,10673.0,257.0,7,100.0,False,8,car,0 days 00:01:25.668000,0 days 01:23:01.556000,5820.045833333333
