Date,Status,X,Y,Z,Source,Time,SessionTime
2024-07-06 15:08:49.351,OnTrack,-1501.0,1536.0,1966.0,pos,0 days 00:00:00.454000,0 days 01:21:36.342000
2024-07-06 15:08:49.651,OnTrack,-1361.0,1716.0,1967.0,pos,0 days 00:00:00.754000,0 days 01:21:36.642000
2024-07-06 15:08:49.931,OnTrack,-1233.0,1890.0,1969.0,pos,0 days 00:00:01.034000,0 days 01:21:36.922000
2024-07-06 15:08:50.111,OnTrack,-1105.0,2067.0,1972.0,pos,0 days 00:00:01.214000,0 days 01:21:37.102000
2024-07-06 15:08:50.391,OnTrack,-1022.0,2181.0,1973.0,pos,0 days 00:00:01.494000,0 days 01:21:37.382000
2024-07-06 15:08:50.731,OnTrack,-844.0,2425.0,1977.0,pos,0 days 00:00:01.834000,0 days 01:21:37.722000
2024-07-06 15:08:51.172,OnTrack,-600.0,2765.0,1983.0,pos,0 days 00:00:02.275000,0 days 01:21:38.163000
2024-07-06 15:08:51.432,OnTrack,-536.0,2859.0,1985.0,pos,0 days 00:00:02.535000,0 days 01:21:38.423000
2024-07-06 15:08:51.811,OnTrack,-345.0,3144.0,1989.0,pos,0 days 00:00:02.914000,0 days 01:21:38.802000
2024-07-06 15:08:52.212,OnTrack,-132.0,3458.0,1995.0,pos,0 days 00:00:03.315000,0 days 01:21:39.203000
2024-07-06 15:08:52.552,OnTrack,-16.0,3620.0,1997.0,pos,0 days 00:00:03.655000,0 days 01:21:39.543000
2024-07-06 15:08:52.752,OnTrack,84.0,3753.0,2000.0,pos,0 days 00:00:03.855000,0 days 01:21:39.743000
2024-07-06 15:08:53.052,OnTrack,321.0,4035.0,2007.0,pos,0 days 00:00:04.155000,0 days 01:21:40.043000
2024-07-06 15:08:53.332,OnTrack,404.0,4121.0,2010.0,pos,0 days 00:00:04.435000,0 days 01:21:40.323000
2024-07-06 15:08:53.532,OnTrack,527.0,4231.0,2011.0,pos,0 days 00:00:04.635000,0 days 01:21:40.523000
2024-07-06 15:08:53.811,OnTrack,718.0,4359.0,2013.0,pos,0 days 00:00:04.914000,0 days 01:21:40.802000
2024-07-06 15:08:53.991,OnTrack,853.0,4422.0,2014.0,pos,0 days 00:00:05.094000,0 days 01:21:40.982000
2024-07-06 15:08:54.211,OnTrack,1143.0,4499.0,2016.0,pos,0 days 00:00:05.314000,0 days 01:21:41.202000
2024-07-06 15:08:54.651,OnTrack,1394.0,4520.0,2018.0,pos,0 days 00:00:05.754000,0 days 01:21:41.642000
2024-07-06 15:08:54.891,OnTrack,1595.0,4518.0,2020.0,pos,0 days 00:00:05.994000,0 days 01:21:41.882000
2024-07-06 15:08:55.091,OnTrack,1842.0,4497.0,2024.0,pos,0 days 00:00:06.194000,0 days 01:21:42.082000
2024-07-06 15:08:55.451,OnTrack,2056.0,4467.0,2026.0,pos,0 days 00:00:06.554000,0 days 01:21:42.442000
2024-07-06 15:08:55.551,OnTrack,2138.0,4456.0,2026.0,pos,0 days 00:00:06.654000,0 days 01:21:42.542000
2024-07-06 15:08:55.751,OnTrack,2303.0,4442.0,2028.0,pos,0 days 00:00:06.854000,0 days 01:21:42.742000
2024-07-06 15:08:56.031,OnTrack,2537.0,4440.0,2031.0,pos,0 days 00:00:07.134000,0 days 01:21:43.022000
2024-07-06 15:08:56.311,OnTrack,2766.0,4461.0,2034.0,pos,0 days 00:00:07.414000,0 days 01:21:43.302000
2024-07-06 15:08:56.512,OnTrack,2950.0,4503.0,2037.0,pos,0 days 00:00:07.615000,0 days 01:21:43.503000
2024-07-06 15:08:56.651,OnTrack,3062.0,4540.0,2039.0,pos,0 days 00:00:07.754000,0 days 01:21:43.642000
2024-07-06 15:08:56.971,OnTrack,3303.0,4653.0,2043.0,pos,0 days 00:00:08.074000,0 days 01:21:43.962000
2024-07-06 15:08:57.151,OnTrack,3430.0,4734.0,2045.0,pos,0 days 00:00:08.254000,0 days 01:21:44.142000
2024-07-06 15:08:57.372,OnTrack,3640.0,4900.0,2048.0,pos,0 days 00:00:08.475000,0 days 01:21:44.363000
2024-07-06 15:08:57.632,OnTrack,3738.0,4992.0,2049.0,pos,0 days 00:00:08.735000,0 days 01:21:44.623000
2024-07-06 15:08:57.831,OnTrack,3856.0,5111.0,2050.0,pos,0 days 00:00:08.934000,0 days 01:21:44.822000
2024-07-06 15:08:58.031,OnTrack,3973.0,5229.0,2050.0,pos,0 days 00:00:09.134000,0 days 01:21:45.022000
2024-07-06 15:08:58.311,OnTrack,4140.0,5390.0,2052.0,pos,0 days 00:00:09.414000,0 days 01:21:45.302000
2024-07-06 15:08:58.492,OnTrack,4244.0,5486.0,2053.0,pos,0 days 00:00:09.595000,0 days 01:21:45.483000
2024-07-06 15:08:58.772,OnTrack,4454.0,5668.0,2054.0,pos,0 days 00:00:09.875000,0 days 01:21:45.763000
2024-07-06 15:08:59.212,OnTrack,4634.0,5809.0,2055.0,pos,0 days 00:00:10.315000,0 days 01:21:46.203000
2024-07-06 15:08:59.632,OnTrack,4795.0,5888.0,2054.0,pos,0 days 00:00:10.735000,0 days 01:21:46.623000
2024-07-06 15:08:59.972,OnTrack,4874.0,5901.0,2054.0,pos,0 days 00:00:11.075000,0 days 01:21:46.963000
2024-07-06 15:09:00.211,OnTrack,4967.0,5899.0,2053.0,pos,0 days 00:00:11.314000,0 days 01:21:47.202000
2024-07-06 15:09:00.391,OnTrack,5031.0,5888.0,2053.0,pos,0 days 00:00:11.494000,0 days 01:21:47.382000
2024-07-06 15:09:00.511,OnTrack,5071.0,5876.0,2054.0,pos,0 days 00:00:11.614000,0 days 01:21:47.502000
2024-07-06 15:09:00.751,OnTrack,5145.0,5840.0,2055.0,pos,0 days 00:00:11.854000,0 days 01:21:47.742000
2024-07-06 15:09:00.971,OnTrack,5205.0,5797.0,2056.0,pos,0 days 00:00:12.074000,0 days 01:21:47.962000
2024-07-06 15:09:01.211,OnTrack,5283.0,5711.0,2058.0,pos,0 days 00:00:12.314000,0 days 01:21:48.202000
2024-07-06 15:09:01.711,OnTrack,5341.0,5588.0,2059.0,pos,0 days 00:00:12.814000,0 days 01:21:48.702000
2024-07-06 15:09:02.071,OnTrack,5375.0,5448.0,2060.0,pos,0 days 00:00:13.174000,0 days 01:21:49.062000
2024-07-06 15:09:02.411,OnTrack,5385.0,5361.0,2061.0,pos,0 days 00:00:13.514000,0 days 01:21:49.402000
2024-07-06 15:09:02.611,OnTrack,5392.0,5284.0,2062.0,pos,0 days 00:00:13.714000,0 days 01:21:49.602000
2024-07-06 15:09:02.891,OnTrack,5401.0,5191.0,2064.0,pos,0 days 00:00:13.994000,0 days 01:21:49.882000
2024-07-06 15:09:03.131,OnTrack,5419.0,5096.0,2065.0,pos,0 days 00:00:14.234000,0 days 01:21:50.122000
2024-07-06 15:09:03.292,OnTrack,5453.0,4999.0,2066.0,pos,0 days 00:00:14.395000,0 days 01:21:50.283000
2024-07-06 15:09:03.731,OnTrack,5508.0,4906.0,2066.0,pos,0 days 00:00:14.834000,0 days 01:21:50.722000
2024-07-06 15:09:03.912,OnTrack,5545.0,4861.0,2066.0,pos,0 days 00:00:15.015000,0 days 01:21:50.903000
2024-07-06 15:09:04.091,OnTrack,5584.0,4822.0,2065.0,pos,0 days 00:00:15.194000,0 days 01:21:51.082000
2024-07-06 15:09:04.331,OnTrack,5639.0,4779.0,2064.0,pos,0 days 00:00:15.434000,0 days 01:21:51.322000
2024-07-06 15:09:04.611,OnTrack,5706.0,4743.0,2065.0,pos,0 days 00:00:15.714000,0 days 01:21:51.602000
2024-07-06 15:09:04.692,OnTrack,5725.0,4737.0,2065.0,pos,0 days 00:00:15.795000,0 days 01:21:51.683000
2024-07-06 15:09:04.992,OnTrack,5819.0,4735.0,2064.0,pos,0 days 00:00:16.095000,0 days 01:21:51.983000
2024-07-06 15:09:05.372,OnTrack,5909.0,4784.0,2064.0,pos,0 days 00:00:16.475000,0 days 01:21:52.363000
2024-07-06 15:09:05.731,OnTrack,5963.0,4831.0,2064.0,pos,0 days 00:00:16.834000,0 days 01:21:52.722000
2024-07-06 15:09:05.912,OnTrack,5997.0,4869.0,2064.0,pos,0 days 00:00:17.015000,0 days 01:21:52.903000
2024-07-06 15:09:06.172,OnTrack,6044.0,4929.0,2065.0,pos,0 days 00:00:17.275000,0 days 01:21:53.163000
2024-07-06 15:09:06.392,OnTrack,6082.0,4986.0,2065.0,pos,0 days 00:00:17.495000,0 days 01:21:53.383000
2024-07-06 15:09:06.692,OnTrack,6132.0,5074.0,2065.0,pos,0 days 00:00:17.795000,0 days 01:21:53.683000
2024-07-06 15:09:06.891,OnTrack,6179.0,5178.0,2065.0,pos,0 days 00:00:17.994000,0 days 01:21:53.882000
2024-07-06 15:09:07.231,OnTrack,6226.0,5314.0,2065.0,pos,0 days 00:00:18.334000,0 days 01:21:54.222000
2024-07-06 15:09:07.631,OnTrack,6264.0,5448.0,2065.0,pos,0 days 00:00:18.734000,0 days 01:21:54.622000
2024-07-06 15:09:07.851,OnTrack,6289.0,5553.0,2065.0,pos,0 days 00:00:18.954000,0 days 01:21:54.842000
2024-07-06 15:09:08.111,OnTrack,6313.0,5681.0,2065.0,pos,0 days 00:00:19.214000,0 days 01:21:55.102000
2024-07-06 15:09:08.351,OnTrack,6328.0,5812.0,2064.0,pos,0 days 00:00:19.454000,0 days 01:21:55.342000
2024-07-06 15:09:08.531,OnTrack,6332.0,5913.0,2064.0,pos,0 days 00:00:19.634000,0 days 01:21:55.522000
2024-07-06 15:09:08.711,OnTrack,6329.0,6018.0,2064.0,pos,0 days 00:00:19.814000,0 days 01:21:55.702000
2024-07-06 15:09:08.911,OnTrack,6317.0,6137.0,2063.0,pos,0 days 00:00:20.014000,0 days 01:21:55.902000
2024-07-06 15:09:09.072,OnTrack,6301.0,6234.0,2063.0,pos,0 days 00:00:20.175000,0 days 01:21:56.063000
2024-07-06 15:09:09.231,OnTrack,6278.0,6331.0,2063.0,pos,0 days 00:00:20.334000,0 days 01:21:56.222000
2024-07-06 15:09:09.451,OnTrack,6235.0,6463.0,2062.0,pos,0 days 00:00:20.554000,0 days 01:21:56.442000
2024-07-06 15:09:09.791,OnTrack,6114.0,6711.0,2063.0,pos,0 days 00:00:20.894000,0 days 01:21:56.782000
2024-07-06 15:09:10.231,OnTrack,5976.0,6909.0,2064.0,pos,0 days 00:00:21.334000,0 days 01:21:57.222000
2024-07-06 15:09:10.432,OnTrack,5848.0,7052.0,2064.0,pos,0 days 00:00:21.535000,0 days 01:21:57.423000
2024-07-06 15:09:10.692,OnTrack,5755.0,7139.0,2064.0,pos,0 days 00:00:21.795000,0 days 01:21:57.683000
2024-07-06 15:09:10.992,OnTrack,5589.0,7277.0,2064.0,pos,0 days 00:00:22.095000,0 days 01:21:57.983000
2024-07-06 15:09:11.192,OnTrack,5414.0,7411.0,2064.0,pos,0 days 00:00:22.295000,0 days 01:21:58.183000
2024-07-06 15:09:11.651,OnTrack,5202.0,7576.0,2064.0,pos,0 days 00:00:22.754000,0 days 01:21:58.642000
2024-07-06 15:09:11.732,OnTrack,5156.0,7614.0,2064.0,pos,0 days 00:00:22.835000,0 days 01:21:58.723000
2024-07-06 15:09:12.072,OnTrack,4876.0,7848.0,2064.0,pos,0 days 00:00:23.175000,0 days 01:21:59.063000
2024-07-06 15:09:12.432,OnTrack,4733.0,7970.0,2064.0,pos,0 days 00:00:23.535000,0 days 01:21:59.423000
2024-07-06 15:09:12.712,OnTrack,4566.0,8114.0,2065.0,pos,0 days 00:00:23.815000,0 days 01:21:59.703000
2024-07-06 15:09:12.872,OnTrack,4420.0,8238.0,2064.0,pos,0 days 00:00:23.975000,0 days 01:21:59.863000
2024-07-06 15:09:13.212,OnTrack,4261.0,8375.0,2064.0,pos,0 days 00:00:24.315000,0 days 01:22:00.203000
2024-07-06 15:09:13.431,OnTrack,4125.0,8491.0,2064.0,pos,0 days 00:00:24.534000,0 days 01:22:00.422000
2024-07-06 15:09:13.711,OnTrack,3951.0,8641.0,2063.0,pos,0 days 00:00:24.814000,0 days 01:22:00.702000
2024-07-06 15:09:13.911,OnTrack,3764.0,8804.0,2063.0,pos,0 days 00:00:25.014000,0 days 01:22:00.902000
2024-07-06 15:09:14.211,OnTrack,3638.0,8915.0,2063.0,pos,0 days 00:00:25.314000,0 days 01:22:01.202000
2024-07-06 15:09:14.431,OnTrack,3500.0,9037.0,2063.0,pos,0 days 00:00:25.534000,0 days 01:22:01.422000
2024-07-06 15:09:14.732,OnTrack,3309.0,9204.0,2063.0,pos,0 days 00:00:25.835000,0 days 01:22:01.723000
2024-07-06 15:09:14.911,OnTrack,3194.0,9305.0,2064.0,pos,0 days 00:00:26.014000,0 days 01:22:01.902000
2024-07-06 15:09:15.091,OnTrack,2988.0,9486.0,2062.0,pos,0 days 00:00:26.194000,0 days 01:22:02.082000
2024-07-06 15:09:15.491,OnTrack,2819.0,9633.0,2061.0,pos,0 days 00:00:26.594000,0 days 01:22:02.482000
2024-07-06 15:09:15.751,OnTrack,2648.0,9780.0,2059.0,pos,0 days 00:00:26.854000,0 days 01:22:02.742000
2024-07-06 15:09:15.931,OnTrack,2530.0,9883.0,2058.0,pos,0 days 00:00:27.034000,0 days 01:22:02.922000
2024-07-06 15:09:16.132,OnTrack,2399.0,9998.0,2056.0,pos,0 days 00:00:27.235000,0 days 01:22:03.123000
2024-07-06 15:09:16.291,OnTrack,2205.0,10171.0,2053.0,pos,0 days 00:00:27.394000,0 days 01:22:03.282000
2024-07-06 15:09:16.632,OnTrack,2061.0,10300.0,2051.0,pos,0 days 00:00:27.735000,0 days 01:22:03.623000
2024-07-06 15:09:16.891,OnTrack,1891.0,10453.0,2048.0,pos,0 days 00:00:27.994000,0 days 01:22:03.882000
2024-07-06 15:09:17.151,OnTrack,1623.0,10675.0,2044.0,pos,0 days 00:00:28.254000,0 days 01:22:04.142000
2024-07-06 15:09:17.611,OnTrack,1402.0,10818.0,2040.0,pos,0 days 00:00:28.714000,0 days 01:22:04.602000
2024-07-06 15:09:17.792,OnTrack,1284.0,10875.0,2038.0,pos,0 days 00:00:28.895000,0 days 01:22:04.783000
2024-07-06 15:09:17.992,OnTrack,1066.0,10940.0,2036.0,pos,0 days 00:00:29.095000,0 days 01:22:04.983000
2024-07-06 15:09:18.292,OnTrack,969.0,10949.0,2035.0,pos,0 days 00:00:29.395000,0 days 01:22:05.283000
2024-07-06 15:09:18.511,OnTrack,832.0,10949.0,2034.0,pos,0 days 00:00:29.614000,0 days 01:22:05.502000
2024-07-06 15:09:18.672,OnTrack,742.0,10943.0,2033.0,pos,0 days 00:00:29.775000,0 days 01:22:05.663000
2024-07-06 15:09:19.051,OnTrack,535.0,10874.0,2032.0,pos,0 days 00:00:30.154000,0 days 01:22:06.042000
2024-07-06 15:09:19.432,OnTrack,370.0,10742.0,2032.0,pos,0 days 00:00:30.535000,0 days 01:22:06.423000
2024-07-06 15:09:19.792,OnTrack,299.0,10634.0,2033.0,pos,0 days 00:00:30.895000,0 days 01:22:06.783000
2024-07-06 15:09:19.971,OnTrack,260.0,10556.0,2033.0,pos,0 days 00:00:31.074000,0 days 01:22:06.962000
2024-07-06 15:09:20.231,OnTrack,209.0,10403.0,2033.0,pos,0 days 00:00:31.334000,0 days 01:22:07.222000
2024-07-06 15:09:20.551,OnTrack,194.0,10281.0,2033.0,pos,0 days 00:00:31.654000,0 days 01:22:07.542000
2024-07-06 15:09:20.791,OnTrack,187.0,10153.0,2034.0,pos,0 days 00:00:31.894000,0 days 01:22:07.782000
2024-07-06 15:09:21.071,OnTrack,179.0,10001.0,2035.0,pos,0 days 00:00:32.174000,0 days 01:22:08.062000
2024-07-06 15:09:21.231,OnTrack,170.0,9916.0,2036.0,pos,0 days 00:00:32.334000,0 days 01:22:08.222000
2024-07-06 15:09:21.411,OnTrack,152.0,9831.0,2036.0,pos,0 days 00:00:32.514000,0 days 01:22:08.402000
2024-07-06 15:09:21.631,OnTrack,116.0,9739.0,2037.0,pos,0 days 00:00:32.734000,0 days 01:22:08.622000
2024-07-06 15:09:21.852,OnTrack,66.0,9657.0,2039.0,pos,0 days 00:00:32.955000,0 days 01:22:08.843000
2024-07-06 15:09:22.132,OnTrack,-27.0,9558.0,2040.0,pos,0 days 00:00:33.235000,0 days 01:22:09.123000
2024-07-06 15:09:22.511,OnTrack,-146.0,9483.0,2040.0,pos,0 days 00:00:33.614000,0 days 01:22:09.502000
2024-07-06 15:09:22.912,OnTrack,-282.0,9443.0,2041.0,pos,0 days 00:00:34.015000,0 days 01:22:09.903000
2024-07-06 15:09:23.291,OnTrack,-379.0,9444.0,2041.0,pos,0 days 00:00:34.394000,0 days 01:22:10.282000
2024-07-06 15:09:23.452,OnTrack,-427.0,9456.0,2040.0,pos,0 days 00:00:34.555000,0 days 01:22:10.443000
2024-07-06 15:09:23.611,OnTrack,-475.0,9476.0,2039.0,pos,0 days 00:00:34.714000,0 days 01:22:10.602000
2024-07-06 15:09:23.992,OnTrack,-595.0,9564.0,2037.0,pos,0 days 00:00:35.095000,0 days 01:22:10.983000
2024-07-06 15:09:24.352,OnTrack,-663.0,9648.0,2036.0,pos,0 days 00:00:35.455000,0 days 01:22:11.343000
2024-07-06 15:09:24.592,OnTrack,-708.0,9730.0,2034.0,pos,0 days 00:00:35.695000,0 days 01:22:11.583000
2024-07-06 15:09:24.691,OnTrack,-724.0,9767.0,2034.0,pos,0 days 00:00:35.794000,0 days 01:22:11.682000
2024-07-06 15:09:24.952,OnTrack,-766.0,9916.0,2033.0,pos,0 days 00:00:36.055000,0 days 01:22:11.943000
2024-07-06 15:09:25.372,OnTrack,-777.0,10066.0,2031.0,pos,0 days 00:00:36.475000,0 days 01:22:12.363000
2024-07-06 15:09:25.571,OnTrack,-772.0,10166.0,2031.0,pos,0 days 00:00:36.674000,0 days 01:22:12.562000
2024-07-06 15:09:25.712,OnTrack,-763.0,10238.0,2031.0,pos,0 days 00:00:36.815000,0 days 01:22:12.703000
2024-07-06 15:09:26.012,OnTrack,-705.0,10485.0,2028.0,pos,0 days 00:00:37.115000,0 days 01:22:13.003000
2024-07-06 15:09:26.352,OnTrack,-667.0,10593.0,2027.0,pos,0 days 00:00:37.455000,0 days 01:22:13.343000
2024-07-06 15:09:26.531,OnTrack,-627.0,10691.0,2025.0,pos,0 days 00:00:37.634000,0 days 01:22:13.522000
2024-07-06 15:09:26.811,OnTrack,-556.0,10845.0,2023.0,pos,0 days 00:00:37.914000,0 days 01:22:13.802000
2024-07-06 15:09:27.011,OnTrack,-469.0,11013.0,2022.0,pos,0 days 00:00:38.114000,0 days 01:22:14.002000
2024-07-06 15:09:27.512,OnTrack,-342.0,11242.0,2021.0,pos,0 days 00:00:38.615000,0 days 01:22:14.503000
2024-07-06 15:09:27.891,OnTrack,-200.0,11457.0,2021.0,pos,0 days 00:00:38.994000,0 days 01:22:14.882000
2024-07-06 15:09:28.072,OnTrack,-73.0,11623.0,2021.0,pos,0 days 00:00:39.175000,0 days 01:22:15.063000
2024-07-06 15:09:28.391,OnTrack,19.0,11732.0,2021.0,pos,0 days 00:00:39.494000,0 days 01:22:15.382000
2024-07-06 15:09:28.632,OnTrack,138.0,11857.0,2022.0,pos,0 days 00:00:39.735000,0 days 01:22:15.623000
2024-07-06 15:09:28.811,OnTrack,232.0,11949.0,2023.0,pos,0 days 00:00:39.914000,0 days 01:22:15.802000
2024-07-06 15:09:29.071,OnTrack,374.0,12078.0,2024.0,pos,0 days 00:00:40.174000,0 days 01:22:16.062000
2024-07-06 15:09:29.311,OnTrack,599.0,12253.0,2024.0,pos,0 days 00:00:40.414000,0 days 01:22:16.302000
2024-07-06 15:09:29.692,OnTrack,751.0,12353.0,2024.0,pos,0 days 00:00:40.795000,0 days 01:22:16.683000
2024-07-06 15:09:29.811,OnTrack,830.0,12397.0,2024.0,pos,0 days 00:00:40.914000,0 days 01:22:16.802000
2024-07-06 15:09:30.032,OnTrack,984.0,12472.0,2025.0,pos,0 days 00:00:41.135000,0 days 01:22:17.023000
2024-07-06 15:09:30.292,OnTrack,1171.0,12550.0,2025.0,pos,0 days 00:00:41.395000,0 days 01:22:17.283000
2024-07-06 15:09:30.552,OnTrack,1364.0,12617.0,2025.0,pos,0 days 00:00:41.655000,0 days 01:22:17.543000
2024-07-06 15:09:30.771,OnTrack,1532.0,12665.0,2025.0,pos,0 days 00:00:41.874000,0 days 01:22:17.762000
2024-07-06 15:09:30.852,OnTrack,1593.0,12681.0,2025.0,pos,0 days 00:00:41.955000,0 days 01:22:17.843000
2024-07-06 15:09:31.132,OnTrack,1812.0,12729.0,2026.0,pos,0 days 00:00:42.235000,0 days 01:22:18.123000
2024-07-06 15:09:31.392,OnTrack,2133.0,12780.0,2029.0,pos,0 days 00:00:42.495000,0 days 01:22:18.383000
2024-07-06 15:09:31.692,OnTrack,2279.0,12798.0,2030.0,pos,0 days 00:00:42.795000,0 days 01:22:18.683000
2024-07-06 15:09:31.932,OnTrack,2590.0,12831.0,2032.0,pos,0 days 00:00:43.035000,0 days 01:22:18.923000
2024-07-06 15:09:32.332,OnTrack,2805.0,12854.0,2034.0,pos,0 days 00:00:43.435000,0 days 01:22:19.323000
2024-07-06 15:09:32.572,OnTrack,3004.0,12873.0,2036.0,pos,0 days 00:00:43.675000,0 days 01:22:19.563000
2024-07-06 15:09:32.852,OnTrack,3306.0,12905.0,2039.0,pos,0 days 00:00:43.955000,0 days 01:22:19.843000
2024-07-06 15:09:33.191,OnTrack,3626.0,12940.0,2040.0,pos,0 days 00:00:44.294000,0 days 01:22:20.182000
2024-07-06 15:09:33.490,OnTrack,3778.0,12957.0,2041.0,pos,0 days 00:00:44.593000,0 days 01:22:20.481000
2024-07-06 15:09:33.871,OnTrack,4117.0,12997.0,2043.0,pos,0 days 00:00:44.974000,0 days 01:22:20.862000
2024-07-06 15:09:34.171,OnTrack,4355.0,13028.0,2045.0,pos,0 days 00:00:45.274000,0 days 01:22:21.162000
2024-07-06 15:09:34.351,OnTrack,4508.0,13049.0,2046.0,pos,0 days 00:00:45.454000,0 days 01:22:21.342000
2024-07-06 15:09:34.511,OnTrack,4645.0,13067.0,2047.0,pos,0 days 00:00:45.614000,0 days 01:22:21.502000
2024-07-06 15:09:34.751,OnTrack,4849.0,13091.0,2048.0,pos,0 days 00:00:45.854000,0 days 01:22:21.742000
2024-07-06 15:09:35.091,OnTrack,5140.0,13114.0,2049.0,pos,0 days 00:00:46.194000,0 days 01:22:22.082000
2024-07-06 15:09:35.271,OnTrack,5272.0,13114.0,2049.0,pos,0 days 00:00:46.374000,0 days 01:22:22.262000
2024-07-06 15:09:35.432,OnTrack,5521.0,13081.0,2051.0,pos,0 days 00:00:46.535000,0 days 01:22:22.423000
2024-07-06 15:09:35.752,OnTrack,5669.0,13040.0,2051.0,pos,0 days 00:00:46.855000,0 days 01:22:22.743000
2024-07-06 15:09:36.051,OnTrack,5984.0,12887.0,2053.0,pos,0 days 00:00:47.154000,0 days 01:22:23.042000
2024-07-06 15:09:36.411,OnTrack,6145.0,12766.0,2055.0,pos,0 days 00:00:47.514000,0 days 01:22:23.402000
2024-07-06 15:09:36.631,OnTrack,6276.0,12640.0,2055.0,pos,0 days 00:00:47.734000,0 days 01:22:23.622000
2024-07-06 15:09:36.911,OnTrack,6459.0,12366.0,2057.0,pos,0 days 00:00:48.014000,0 days 01:22:23.902000
2024-07-06 15:09:37.211,OnTrack,6523.0,12230.0,2058.0,pos,0 days 00:00:48.314000,0 days 01:22:24.202000
2024-07-06 15:09:37.432,OnTrack,6589.0,12061.0,2059.0,pos,0 days 00:00:48.535000,0 days 01:22:24.423000
2024-07-06 15:09:37.732,OnTrack,6663.0,11827.0,2061.0,pos,0 days 00:00:48.835000,0 days 01:22:24.723000
2024-07-06 15:09:37.932,OnTrack,6707.0,11668.0,2062.0,pos,0 days 00:00:49.035000,0 days 01:22:24.923000
2024-07-06 15:09:38.192,OnTrack,6776.0,11380.0,2064.0,pos,0 days 00:00:49.295000,0 days 01:22:25.183000
2024-07-06 15:09:38.631,OnTrack,6833.0,11105.0,2066.0,pos,0 days 00:00:49.734000,0 days 01:22:25.622000
2024-07-06 15:09:38.712,OnTrack,6847.0,11025.0,2067.0,pos,0 days 00:00:49.815000,0 days 01:22:25.703000
2024-07-06 15:09:39.032,OnTrack,6898.0,10694.0,2069.0,pos,0 days 00:00:50.135000,0 days 01:22:26.023000
2024-07-06 15:09:39.451,OnTrack,6943.0,10295.0,2073.0,pos,0 days 00:00:50.554000,0 days 01:22:26.442000
2024-07-06 15:09:39.851,OnTrack,6964.0,10027.0,2074.0,pos,0 days 00:00:50.954000,0 days 01:22:26.842000
2024-07-06 15:09:40.131,OnTrack,6974.0,9842.0,2074.0,pos,0 days 00:00:51.234000,0 days 01:22:27.122000
2024-07-06 15:09:40.311,OnTrack,6978.0,9691.0,2075.0,pos,0 days 00:00:51.414000,0 days 01:22:27.302000
2024-07-06 15:09:40.591,OnTrack,6983.0,9454.0,2075.0,pos,0 days 00:00:51.694000,0 days 01:22:27.582000
2024-07-06 15:09:40.811,OnTrack,6989.0,9267.0,2074.0,pos,0 days 00:00:51.914000,0 days 01:22:27.802000
2024-07-06 15:09:40.991,OnTrack,6995.0,9115.0,2074.0,pos,0 days 00:00:52.094000,0 days 01:22:27.982000
2024-07-06 15:09:41.171,OnTrack,7004.0,8968.0,2073.0,pos,0 days 00:00:52.274000,0 days 01:22:28.162000
2024-07-06 15:09:41.471,OnTrack,7034.0,8715.0,2071.0,pos,0 days 00:00:52.574000,0 days 01:22:28.462000
2024-07-06 15:09:41.672,OnTrack,7063.0,8547.0,2070.0,pos,0 days 00:00:52.775000,0 days 01:22:28.663000
2024-07-06 15:09:41.771,OnTrack,7080.0,8463.0,2070.0,pos,0 days 00:00:52.874000,0 days 01:22:28.762000
2024-07-06 15:09:42.051,OnTrack,7137.0,8231.0,2068.0,pos,0 days 00:00:53.154000,0 days 01:22:29.042000
2024-07-06 15:09:42.291,OnTrack,7210.0,7985.0,2065.0,pos,0 days 00:00:53.394000,0 days 01:22:29.282000
2024-07-06 15:09:42.671,OnTrack,7303.0,7728.0,2062.0,pos,0 days 00:00:53.774000,0 days 01:22:29.662000
2024-07-06 15:09:42.891,OnTrack,7374.0,7553.0,2060.0,pos,0 days 00:00:53.994000,0 days 01:22:29.882000
2024-07-06 15:09:43.072,OnTrack,7459.0,7329.0,2059.0,pos,0 days 00:00:54.175000,0 days 01:22:30.063000
2024-07-06 15:09:43.412,OnTrack,7513.0,7141.0,2058.0,pos,0 days 00:00:54.515000,0 days 01:22:30.403000
2024-07-06 15:09:43.592,OnTrack,7536.0,6997.0,2058.0,pos,0 days 00:00:54.695000,0 days 01:22:30.583000
2024-07-06 15:09:43.932,OnTrack,7525.0,6717.0,2058.0,pos,0 days 00:00:55.035000,0 days 01:22:30.923000
2024-07-06 15:09:44.112,OnTrack,7499.0,6567.0,2059.0,pos,0 days 00:00:55.215000,0 days 01:22:31.103000
2024-07-06 15:09:44.331,OnTrack,7459.0,6390.0,2060.0,pos,0 days 00:00:55.434000,0 days 01:22:31.322000
2024-07-06 15:09:44.532,OnTrack,7418.0,6231.0,2061.0,pos,0 days 00:00:55.635000,0 days 01:22:31.523000
2024-07-06 15:09:44.712,OnTrack,7384.0,6090.0,2062.0,pos,0 days 00:00:55.815000,0 days 01:22:31.703000
2024-07-06 15:09:44.851,OnTrack,7360.0,5980.0,2062.0,pos,0 days 00:00:55.954000,0 days 01:22:31.842000
2024-07-06 15:09:45.131,OnTrack,7325.0,5760.0,2063.0,pos,0 days 00:00:56.234000,0 days 01:22:32.122000
2024-07-06 15:09:45.372,OnTrack,7319.0,5530.0,2062.0,pos,0 days 00:00:56.475000,0 days 01:22:32.363000
2024-07-06 15:09:45.792,OnTrack,7374.0,5270.0,2061.0,pos,0 days 00:00:56.895000,0 days 01:22:32.783000
2024-07-06 15:09:45.912,OnTrack,7447.0,5105.0,2059.0,pos,0 days 00:00:57.015000,0 days 01:22:32.903000
2024-07-06 15:09:46.252,OnTrack,7529.0,4960.0,2056.0,pos,0 days 00:00:57.355000,0 days 01:22:33.243000
2024-07-06 15:09:46.550,OnTrack,7643.0,4771.0,2054.0,pos,0 days 00:00:57.653000,0 days 01:22:33.541000
2024-07-06 15:09:46.731,OnTrack,7701.0,4662.0,2052.0,pos,0 days 00:00:57.834000,0 days 01:22:33.722000
2024-07-06 15:09:47.011,OnTrack,7764.0,4490.0,2050.0,pos,0 days 00:00:58.114000,0 days 01:22:34.002000
2024-07-06 15:09:47.191,OnTrack,7791.0,4290.0,2047.0,pos,0 days 00:00:58.294000,0 days 01:22:34.182000
2024-07-06 15:09:47.491,OnTrack,7783.0,4190.0,2045.0,pos,0 days 00:00:58.594000,0 days 01:22:34.482000
2024-07-06 15:09:47.831,OnTrack,7730.0,3982.0,2042.0,pos,0 days 00:00:58.934000,0 days 01:22:34.822000
2024-07-06 15:09:47.932,OnTrack,7707.0,3923.0,2041.0,pos,0 days 00:00:59.035000,0 days 01:22:34.923000
2024-07-06 15:09:48.271,OnTrack,7575.0,3694.0,2038.0,pos,0 days 00:00:59.374000,0 days 01:22:35.262000
2024-07-06 15:09:48.691,OnTrack,7427.0,3536.0,2036.0,pos,0 days 00:00:59.794000,0 days 01:22:35.682000
2024-07-06 15:09:48.911,OnTrack,7308.0,3451.0,2034.0,pos,0 days 00:01:00.014000,0 days 01:22:35.902000
2024-07-06 15:09:49.032,OnTrack,7238.0,3410.0,2033.0,pos,0 days 00:01:00.135000,0 days 01:22:36.023000
2024-07-06 15:09:49.312,OnTrack,6995.0,3282.0,2031.0,pos,0 days 00:01:00.415000,0 days 01:22:36.303000
2024-07-06 15:09:49.652,OnTrack,6870.0,3201.0,2029.0,pos,0 days 00:01:00.755000,0 days 01:22:36.643000
2024-07-06 15:09:49.791,OnTrack,6795.0,3140.0,2029.0,pos,0 days 00:01:00.894000,0 days 01:22:36.782000
2024-07-06 15:09:50.112,OnTrack,6564.0,2905.0,2027.0,pos,0 days 00:01:01.215000,0 days 01:22:37.103000
2024-07-06 15:09:50.452,OnTrack,6470.0,2795.0,2027.0,pos,0 days 00:01:01.555000,0 days 01:22:37.443000
2024-07-06 15:09:50.712,OnTrack,6362.0,2651.0,2027.0,pos,0 days 00:01:01.815000,0 days 01:22:37.703000
2024-07-06 15:09:50.792,OnTrack,6329.0,2602.0,2027.0,pos,0 days 00:01:01.895000,0 days 01:22:37.783000
2024-07-06 15:09:51.072,OnTrack,6218.0,2422.0,2026.0,pos,0 days 00:01:02.175000,0 days 01:22:38.063000
2024-07-06 15:09:51.332,OnTrack,6123.0,2247.0,2025.0,pos,0 days 00:01:02.435000,0 days 01:22:38.323000
2024-07-06 15:09:51.592,OnTrack,6031.0,2067.0,2025.0,pos,0 days 00:01:02.695000,0 days 01:22:38.583000
2024-07-06 15:09:51.752,OnTrack,5976.0,1954.0,2025.0,pos,0 days 00:01:02.855000,0 days 01:22:38.743000
2024-07-06 15:09:51.971,OnTrack,5899.0,1798.0,2024.0,pos,0 days 00:01:03.074000,0 days 01:22:38.962000
2024-07-06 15:09:52.172,OnTrack,5829.0,1654.0,2023.0,pos,0 days 00:01:03.275000,0 days 01:22:39.163000
2024-07-06 15:09:52.332,OnTrack,5738.0,1464.0,2022.0,pos,0 days 00:01:03.435000,0 days 01:22:39.323000
2024-07-06 15:09:52.772,OnTrack,5618.0,1213.0,2021.0,pos,0 days 00:01:03.875000,0 days 01:22:39.763000
2024-07-06 15:09:52.832,OnTrack,5597.0,1168.0,2021.0,pos,0 days 00:01:03.935000,0 days 01:22:39.823000
2024-07-06 15:09:53.231,OnTrack,5436.0,832.0,2019.0,pos,0 days 00:01:04.334000,0 days 01:22:40.222000
2024-07-06 15:09:53.551,OnTrack,5334.0,619.0,2017.0,pos,0 days 00:01:04.654000,0 days 01:22:40.542000
2024-07-06 15:09:53.791,OnTrack,5245.0,435.0,2016.0,pos,0 days 00:01:04.894000,0 days 01:22:40.782000
2024-07-06 15:09:53.991,OnTrack,5171.0,281.0,2014.0,pos,0 days 00:01:05.094000,0 days 01:22:40.982000
2024-07-06 15:09:54.271,OnTrack,5043.0,18.0,2012.0,pos,0 days 00:01:05.374000,0 days 01:22:41.262000
2024-07-06 15:09:54.591,OnTrack,4946.0,-184.0,2011.0,pos,0 days 00:01:05.694000,0 days 01:22:41.582000
2024-07-06 15:09:54.791,OnTrack,4870.0,-341.0,2010.0,pos,0 days 00:01:05.894000,0 days 01:22:41.782000
2024-07-06 15:09:55.052,OnTrack,4772.0,-545.0,2009.0,pos,0 days 00:01:06.155000,0 days 01:22:42.043000
2024-07-06 15:09:55.211,OnTrack,4674.0,-749.0,2008.0,pos,0 days 00:01:06.314000,0 days 01:22:42.202000
2024-07-06 15:09:55.612,OnTrack,4560.0,-983.0,2006.0,pos,0 days 00:01:06.715000,0 days 01:22:42.603000
2024-07-06 15:09:55.912,OnTrack,4445.0,-1221.0,2004.0,pos,0 days 00:01:07.015000,0 days 01:22:42.903000
2024-07-06 15:09:56.031,OnTrack,4351.0,-1412.0,2001.0,pos,0 days 00:01:07.134000,0 days 01:22:43.022000
2024-07-06 15:09:56.491,OnTrack,4216.0,-1683.0,1998.0,pos,0 days 00:01:07.594000,0 days 01:22:43.482000
2024-07-06 15:09:56.732,OnTrack,4097.0,-1923.0,1995.0,pos,0 days 00:01:07.835000,0 days 01:22:43.723000
2024-07-06 15:09:57.131,OnTrack,3958.0,-2194.0,1994.0,pos,0 days 00:01:08.234000,0 days 01:22:44.122000
2024-07-06 15:09:57.292,OnTrack,3894.0,-2319.0,1994.0,pos,0 days 00:01:08.395000,0 days 01:22:44.283000
2024-07-06 15:09:57.512,OnTrack,3803.0,-2494.0,1994.0,pos,0 days 00:01:08.615000,0 days 01:22:44.503000
2024-07-06 15:09:57.752,OnTrack,3658.0,-2767.0,1997.0,pos,0 days 00:01:08.855000,0 days 01:22:44.743000
2024-07-06 15:09:58.092,OnTrack,3492.0,-3067.0,2002.0,pos,0 days 00:01:09.195000,0 days 01:22:45.083000
2024-07-06 15:09:58.471,OnTrack,3383.0,-3253.0,2006.0,pos,0 days 00:01:09.574000,0 days 01:22:45.462000
2024-07-06 15:09:58.632,OnTrack,3307.0,-3375.0,2009.0,pos,0 days 00:01:09.735000,0 days 01:22:45.623000
2024-07-06 15:09:58.992,OnTrack,3120.0,-3633.0,2015.0,pos,0 days 00:01:10.095000,0 days 01:22:45.983000
2024-07-06 15:09:59.132,OnTrack,3041.0,-3724.0,2017.0,pos,0 days 00:01:10.235000,0 days 01:22:46.123000
2024-07-06 15:09:59.412,OnTrack,2878.0,-3879.0,2021.0,pos,0 days 00:01:10.515000,0 days 01:22:46.403000
2024-07-06 15:09:59.571,OnTrack,2685.0,-4003.0,2025.0,pos,0 days 00:01:10.674000,0 days 01:22:46.562000
2024-07-06 15:09:59.871,OnTrack,2578.0,-4051.0,2026.0,pos,0 days 00:01:10.974000,0 days 01:22:46.862000
2024-07-06 15:10:00.131,OnTrack,2409.0,-4102.0,2029.0,pos,0 days 00:01:11.234000,0 days 01:22:47.122000
2024-07-06 15:10:00.371,OnTrack,2247.0,-4118.0,2031.0,pos,0 days 00:01:11.474000,0 days 01:22:47.362000
2024-07-06 15:10:00.571,OnTrack,2060.0,-4099.0,2032.0,pos,0 days 00:01:11.674000,0 days 01:22:47.562000
2024-07-06 15:10:00.911,OnTrack,1894.0,-4049.0,2033.0,pos,0 days 00:01:12.014000,0 days 01:22:47.902000
2024-07-06 15:10:01.171,OnTrack,1738.0,-3971.0,2033.0,pos,0 days 00:01:12.274000,0 days 01:22:48.162000
2024-07-06 15:10:01.371,OnTrack,1627.0,-3892.0,2032.0,pos,0 days 00:01:12.474000,0 days 01:22:48.362000
2024-07-06 15:10:01.592,OnTrack,1514.0,-3791.0,2031.0,pos,0 days 00:01:12.695000,0 days 01:22:48.583000
2024-07-06 15:10:01.832,OnTrack,1405.0,-3665.0,2029.0,pos,0 days 00:01:12.935000,0 days 01:22:48.823000
2024-07-06 15:10:01.971,OnTrack,1293.0,-3504.0,2027.0,pos,0 days 00:01:13.074000,0 days 01:22:48.962000
2024-07-06 15:10:02.331,OnTrack,1216.0,-3369.0,2023.0,pos,0 days 00:01:13.434000,0 days 01:22:49.322000
2024-07-06 15:10:02.591,OnTrack,1129.0,-3204.0,2018.0,pos,0 days 00:01:13.694000,0 days 01:22:49.582000
2024-07-06 15:10:02.892,OnTrack,1026.0,-3015.0,2011.0,pos,0 days 00:01:13.995000,0 days 01:22:49.883000
2024-07-06 15:10:03.031,OnTrack,926.0,-2854.0,2003.0,pos,0 days 00:01:14.134000,0 days 01:22:50.022000
2024-07-06 15:10:03.532,OnTrack,736.0,-2586.0,1991.0,pos,0 days 00:01:14.635000,0 days 01:22:50.523000
2024-07-06 15:10:03.792,OnTrack,645.0,-2464.0,1987.0,pos,0 days 00:01:14.895000,0 days 01:22:50.783000
2024-07-06 15:10:04.052,OnTrack,527.0,-2304.0,1984.0,pos,0 days 00:01:15.155000,0 days 01:22:51.043000
2024-07-06 15:10:04.332,OnTrack,390.0,-2120.0,1985.0,pos,0 days 00:01:15.435000,0 days 01:22:51.323000
2024-07-06 15:10:04.511,OnTrack,267.0,-1960.0,1986.0,pos,0 days 00:01:15.614000,0 days 01:22:51.502000
2024-07-06 15:10:04.972,OnTrack,80.0,-1733.0,1987.0,pos,0 days 00:01:16.075000,0 days 01:22:51.963000
2024-07-06 15:10:05.192,OnTrack,-106.0,-1519.0,1985.0,pos,0 days 00:01:16.295000,0 days 01:22:52.183000
2024-07-06 15:10:05.472,OnTrack,-184.0,-1432.0,1984.0,pos,0 days 00:01:16.575000,0 days 01:22:52.463000
2024-07-06 15:10:05.792,OnTrack,-333.0,-1264.0,1981.0,pos,0 days 00:01:16.895000,0 days 01:22:52.783000
2024-07-06 15:10:05.952,OnTrack,-397.0,-1193.0,1980.0,pos,0 days 00:01:17.055000,0 days 01:22:52.943000
2024-07-06 15:10:06.052,OnTrack,-433.0,-1154.0,1979.0,pos,0 days 00:01:17.155000,0 days 01:22:53.043000
2024-07-06 15:10:06.451,OnTrack,-594.0,-1010.0,1976.0,pos,0 days 00:01:17.554000,0 days 01:22:53.442000
2024-07-06 15:10:06.751,OnTrack,-667.0,-966.0,1975.0,pos,0 days 00:01:17.854000,0 days 01:22:53.742000
2024-07-06 15:10:07.011,OnTrack,-753.0,-931.0,1975.0,pos,0 days 00:01:18.114000,0 days 01:22:54.002000
2024-07-06 15:10:07.231,OnTrack,-854.0,-913.0,1976.0,pos,0 days 00:01:18.334000,0 days 01:22:54.222000
2024-07-06 15:10:07.711,OnTrack,-1002.0,-924.0,1978.0,pos,0 days 00:01:18.814000,0 days 01:22:54.702000
2024-07-06 15:10:08.031,OnTrack,-1100.0,-967.0,1979.0,pos,0 days 00:01:19.134000,0 days 01:22:55.022000
2024-07-06 15:10:08.491,OnTrack,-1183.0,-1027.0,1980.0,pos,0 days 00:01:19.594000,0 days 01:22:55.482000
2024-07-06 15:10:08.652,OnTrack,-1267.0,-1091.0,1981.0,pos,0 days 00:01:19.755000,0 days 01:22:55.643000
2024-07-06 15:10:09.111,OnTrack,-1368.0,-1149.0,1981.0,pos,0 days 00:01:20.214000,0 days 01:22:56.102000
2024-07-06 15:10:09.271,OnTrack,-1422.0,-1167.0,1981.0,pos,0 days 00:01:20.374000,0 days 01:22:56.262000
2024-07-06 15:10:09.432,OnTrack,-1478.0,-1174.0,1981.0,pos,0 days 00:01:20.535000,0 days 01:22:56.423000
2024-07-06 15:10:09.752,OnTrack,-1595.0,-1158.0,1980.0,pos,0 days 00:01:20.855000,0 days 01:22:56.743000
2024-07-06 15:10:09.992,OnTrack,-1684.0,-1129.0,1979.0,pos,0 days 00:01:21.095000,0 days 01:22:56.983000
2024-07-06 15:10:10.052,OnTrack,-1706.0,-1120.0,1978.0,pos,0 days 00:01:21.155000,0 days 01:22:57.043000
2024-07-06 15:10:10.231,OnTrack,-1770.0,-1089.0,1978.0,pos,0 days 00:01:21.334000,0 days 01:22:57.222000
2024-07-06 15:10:10.532,OnTrack,-1873.0,-1020.0,1977.0,pos,0 days 00:01:21.635000,0 days 01:22:57.523000
2024-07-06 15:10:10.852,OnTrack,-1993.0,-892.0,1976.0,pos,0 days 00:01:21.955000,0 days 01:22:57.843000
2024-07-06 15:10:11.152,OnTrack,-2068.0,-798.0,1975.0,pos,0 days 00:01:22.255000,0 days 01:22:58.143000
2024-07-06 15:10:11.432,OnTrack,-2185.0,-613.0,1974.0,pos,0 days 00:01:22.535000,0 days 01:22:58.423000
2024-07-06 15:10:11.792,OnTrack,-2241.0,-475.0,1973.0,pos,0 days 00:01:22.895000,0 days 01:22:58.783000
2024-07-06 15:10:12.092,OnTrack,-2300.0,-227.0,1970.0,pos,0 days 00:01:23.195000,0 days 01:22:59.083000
2024-07-06 15:10:12.411,OnTrack,-2311.0,-118.0,1968.0,pos,0 days 00:01:23.514000,0 days 01:22:59.402000
2024-07-06 15:10:12.711,OnTrack,-2303.0,154.0,1966.0,pos,0 days 00:01:23.814000,0 days 01:22:59.702000
2024-07-06 15:10:13.071,OnTrack,-2260.0,369.0,1964.0,pos,0 days 00:01:24.174000,0 days 01:23:00.062000
2024-07-06 15:10:13.551,OnTrack,-2132.0,666.0,1962.0,pos,0 days 00:01:24.654000,0 days 01:23:00.542000
2024-07-06 15:10:13.792,OnTrack,-2091.0,737.0,1962.0,pos,0 days 00:01:24.895000,0 days 01:23:00.783000
2024-07-06 15:10:14.131,OnTrack,-1957.0,934.0,1962.0,pos,0 days 00:01:25.234000,0 days 01:23:01.122000
2024-07-06 15:10:14.311,OnTrack,-1883.0,1037.0,1963.0,pos,0 days 00:01:25.414000,0 days 01:23:01.302000
2024-07-06 15:10:14.571,OnTrack,-1774.0,1187.0,1963.0,pos,0 days 00:01:25.674000,0 days 01:23:01.562000
